id,first_name,last_name,email,gender,ip_address,dob
1,Maria,Russell,mrussell0@soup.io,Female,141.48.134.32,5/26/1976
2,Douglas,Cunningham,dcunningham1@sogou.com,Male,75.5.5.45,1/25/1980
3,Barbara,Rice,brice2@bizjournals.com,Female,87.137.224.0,4/15/1979
4,Jacqueline,Cook,jcook3@amazon.co.jp,Female,249.125.240.30,5/2/1963
5,Janet,Jones,jjones4@surveymonkey.com,Female,190.235.91.244,8/17/1968
6,Jennifer,Wright,jwright5@baidu.com,Female,167.55.169.81,6/30/1998
7,Angela,Hunt,ahunt6@disqus.com,Female,83.52.162.0,5/30/1986
8,Sarah,Vasquez,svasquez7@hud.gov,Female,226.230.156.149,5/14/2000
9,Adam,Elliott,aelliott8@cnet.com,Male,245.184.158.33,9/12/1953
10,Philip,Rogers,progers9@accuweather.com,Male,71.32.228.79,10/24/1959
11,Donald,Patterson,dpattersona@tuttocitta.it,Male,154.61.78.228,11/11/1991
12,Christina,Castillo,ccastillob@ftc.gov,Female,228.47.236.86,11/2/1981
13,Gary,Shaw,gshawc@so-net.ne.jp,Male,70.219.188.102,2/1/1966
14,Marilyn,Harvey,mharveyd@discovery.com,Female,224.37.45.54,7/28/1980
15,Lawrence,Gilbert,lgilberte@telegraph.co.uk,Male,66.241.90.240,1/8/1984
16,Brenda,Gardner,bgardnerf@networkadvertising.org,Female,88.115.64.76,2/2/1964
17,Cynthia,Clark,cclarkg@examiner.com,Female,186.154.72.225,8/6/1951
18,Frank,Diaz,fdiazh@businessweek.com,Male,15.75.209.53,6/5/1975
19,Philip,Richardson,prichardsoni@tripod.com,Male,173.18.209.70,10/10/1974
20,Douglas,Alvarez,dalvarezj@jalbum.net,Male,129.39.231.102,3/22/1988
21,Jerry,Morales,jmoralesk@cdc.gov,Male,31.89.10.35,1/31/1983
22,Arthur,Walker,awalkerl@umn.edu,Male,199.142.15.170,11/7/1955
23,Billy,Hunt,bhuntm@nih.gov,Male,114.66.158.81,10/4/1973
24,Kimberly,Walker,kwalkern@prnewswire.com,Female,53.73.153.204,1/18/1952
25,Maria,Webb,mwebbo@cam.ac.uk,Female,102.18.165.245,7/16/1980
26,Marilyn,Johnston,mjohnstonp@newsvine.com,Female,28.167.151.250,11/11/1978
27,Matthew,Brown,mbrownq@bigcartel.com,Male,185.130.103.28,11/24/1981
28,Donna,Roberts,drobertsr@1und1.de,Female,168.18.212.232,1/1/1984
29,Anna,Sullivan,asullivans@xinhuanet.com,Female,51.118.213.71,4/19/1961
30,Ann,Ellis,aellist@g.co,Female,144.224.187.162,1/13/1955
31,Dennis,Miller,dmilleru@ca.gov,Male,2.102.35.235,9/1/1995
32,Gary,Howard,ghowardv@unblog.fr,Male,107.72.64.234,10/24/2000
33,Anne,Roberts,arobertsw@bandcamp.com,Female,54.43.197.11,11/27/1968
34,Kelly,Green,kgreenx@discuz.net,Female,196.191.171.10,6/4/1966
35,Judith,Ramirez,jramirezy@wordpress.com,Female,234.83.229.167,7/20/1976
36,Susan,Evans,sevansz@skyrock.com,Female,220.205.181.222,1/6/1996
37,Mary,Cook,mcook10@msu.edu,Female,107.23.255.187,8/5/1982
38,Arthur,Black,ablack11@hp.com,Male,36.50.186.20,1/10/1975
39,Phillip,Fisher,pfisher12@addthis.com,Male,83.230.39.228,5/17/1950
40,Frances,Morris,fmorris13@com.com,Female,13.62.192.138,11/7/2002
41,Jerry,Wagner,jwagner14@psu.edu,Male,227.191.16.76,3/29/1989
42,Terry,Nichols,tnichols15@friendfeed.com,Male,30.76.152.245,7/20/1987
43,Amy,Gonzales,agonzales16@quantcast.com,Female,69.142.200.108,6/23/1964
44,Eric,Marshall,emarshall17@chicagotribune.com,Male,225.231.129.233,2/2/1972
45,Margaret,Hernandez,mhernandez18@mit.edu,Female,41.188.248.248,1/29/1998
46,Norma,Richardson,nrichardson19@issuu.com,Female,122.141.68.207,12/19/1998
47,Kenneth,Warren,kwarren1a@usa.gov,Male,217.216.35.65,4/24/1974
48,Craig,Hawkins,chawkins1b@rakuten.co.jp,Male,3.158.104.73,5/22/1974
49,Donald,Carpenter,dcarpenter1c@pinterest.com,Male,90.61.111.225,1/2/1956
50,Brenda,Harvey,bharvey1d@washington.edu,Female,98.57.65.206,9/4/1991
51,Todd,Lynch,tlynch1e@bizjournals.com,Male,195.39.43.99,8/17/1973
52,Arthur,Gordon,agordon1f@yellowpages.com,Male,106.222.0.34,1/9/1952
53,Eric,Ruiz,eruiz1g@godaddy.com,Male,170.132.213.39,3/23/1968
54,George,Graham,ggraham1h@guardian.co.uk,Male,193.164.72.77,9/24/1981
55,Sean,Fuller,sfuller1i@sfgate.com,Male,49.133.165.152,5/14/1993
56,Wayne,Fields,wfields1j@cornell.edu,Male,2.200.137.115,2/17/1982
57,Harold,Foster,hfoster1k@livejournal.com,Male,197.123.206.190,1/14/1955
58,Johnny,Johnson,jjohnson1l@etsy.com,Male,182.235.96.61,11/23/1951
59,Pamela,Perkins,pperkins1m@vistaprint.com,Female,162.147.59.188,3/5/1990
60,Linda,Jenkins,ljenkins1n@google.cn,Female,104.240.127.151,7/11/1950
61,Ruth,Moreno,rmoreno1o@ucoz.com,Female,215.180.152.212,5/17/1979
62,Joseph,Young,jyoung1p@sun.com,Male,142.226.55.187,2/15/1952
63,Shirley,Berry,sberry1q@is.gd,Female,140.62.173.245,1/4/1993
64,Frank,Adams,fadams1r@state.gov,Male,43.159.104.205,10/10/1982
65,Deborah,Gutierrez,dgutierrez1s@youtu.be,Female,35.15.247.63,10/28/1990
66,Donald,Fisher,dfisher1t@cpanel.net,Male,117.207.45.9,11/4/1971
67,Katherine,Jenkins,kjenkins1u@bloglovin.com,Female,50.21.62.196,1/23/1961
68,Christopher,Fowler,cfowler1v@geocities.com,Male,94.112.100.163,3/5/1969
69,Kathy,Wood,kwood1w@dion.ne.jp,Female,188.176.125.152,6/7/1978
70,Shawn,Holmes,sholmes1x@yellowpages.com,Male,90.184.129.195,9/4/1971
71,Gerald,Howell,ghowell1y@va.gov,Male,100.53.127.64,9/14/1971
72,Melissa,Fowler,mfowler1z@geocities.jp,Female,128.51.86.80,6/29/1998
73,Julia,Stone,jstone20@wikia.com,Female,138.245.132.176,7/4/1983
74,Jeremy,Riley,jriley21@last.fm,Male,139.79.10.251,6/28/1989
75,Judith,Smith,jsmith22@hao123.com,Female,175.133.201.115,3/18/1971
76,Phyllis,Johnson,pjohnson23@joomla.org,Female,179.130.112.131,2/9/1980
77,Michelle,Day,mday24@naver.com,Female,245.100.39.58,6/25/1967
78,Jose,Evans,jevans25@goo.ne.jp,Male,99.44.194.215,1/5/1998
79,Mildred,Montgomery,mmontgomery26@cbslocal.com,Female,102.180.119.157,2/6/1998
80,Timothy,Nguyen,tnguyen27@oaic.gov.au,Male,50.94.208.65,8/15/1951
81,Roger,Robinson,rrobinson28@baidu.com,Male,85.170.221.74,6/21/1970
82,Tina,Phillips,tphillips29@theguardian.com,Female,149.6.159.244,10/4/1964
83,Johnny,Bennett,jbennett2a@altervista.org,Male,3.236.20.235,12/19/1978
84,Robert,Alexander,ralexander2b@nih.gov,Male,240.91.221.143,6/11/1988
85,Antonio,Gardner,agardner2c@purevolume.com,Male,47.20.7.223,8/28/1950
86,Rachel,Knight,rknight2d@sbwire.com,Female,110.135.40.86,2/1/2002
87,Benjamin,Crawford,bcrawford2e@istockphoto.com,Male,207.176.189.51,12/12/2001
88,Dennis,Hill,dhill2f@1und1.de,Male,111.19.156.174,10/23/2000
89,Phillip,Holmes,pholmes2g@hao123.com,Male,198.48.65.11,10/29/1971
90,Terry,Ellis,tellis2h@nytimes.com,Male,187.52.135.214,7/15/1991
91,Marilyn,Griffin,mgriffin2i@topsy.com,Female,212.226.167.214,8/7/1979
92,Stephen,Carroll,scarroll2j@ameblo.jp,Male,103.24.185.47,10/24/1967
93,Pamela,Thomas,pthomas2k@paypal.com,Female,126.93.74.49,3/16/1991
94,Louise,Rivera,lrivera2l@github.com,Female,82.200.251.235,11/18/1960
95,Steven,Austin,saustin2m@weather.com,Male,153.200.75.174,6/9/1975
96,Christine,Mccoy,cmccoy2n@cnet.com,Female,27.111.42.79,2/24/1990
97,Bobby,Myers,bmyers2o@ehow.com,Male,10.183.178.36,8/7/1952
98,Stephanie,Simpson,ssimpson2p@cisco.com,Female,29.218.153.28,2/8/1961
99,Sara,Ortiz,sortiz2q@delicious.com,Female,100.226.33.107,11/30/1956
100,Russell,Franklin,rfranklin2r@storify.com,Male,194.30.205.171,6/23/1963
101,Ruth,Franklin,rfranklin2s@reverbnation.com,Female,244.229.116.36,4/16/2000
102,Lawrence,Young,lyoung2t@marketwatch.com,Male,202.130.67.245,10/28/1958
103,Elizabeth,Little,elittle2u@mit.edu,Female,17.23.246.206,1/12/1983
104,Nancy,Butler,nbutler2v@google.cn,Female,3.35.20.239,6/28/1967
105,Anna,Hunter,ahunter2w@wp.com,Female,79.141.23.11,9/25/1970
106,Harold,Moreno,hmoreno2x@bluehost.com,Male,178.29.17.245,3/21/1966
107,Virginia,Lawrence,vlawrence2y@samsung.com,Female,182.220.168.45,3/9/1991
108,Kenneth,Lee,klee2z@nhs.uk,Male,184.148.45.241,10/26/1971
109,Marie,Clark,mclark30@bravesites.com,Female,209.114.169.229,6/23/1953
110,Anna,Walker,awalker31@paginegialle.it,Female,160.78.170.238,8/27/1955
111,Louise,Fernandez,lfernandez32@si.edu,Female,234.70.231.24,11/14/1952
112,Tammy,Graham,tgraham33@homestead.com,Female,29.137.166.104,9/22/1968
113,Katherine,Stone,kstone34@bravesites.com,Female,187.179.210.10,12/8/1992
114,Annie,Cunningham,acunningham35@youku.com,Female,129.22.183.189,5/4/1961
115,Mildred,Snyder,msnyder36@linkedin.com,Female,238.9.225.117,12/3/1994
116,Ryan,Nelson,rnelson37@ft.com,Male,73.48.89.96,12/17/1991
117,Louise,Wilson,lwilson38@cmu.edu,Female,115.237.103.147,12/28/1976
118,Jesse,Howard,jhoward39@hugedomains.com,Male,90.119.180.231,6/28/2000
119,Angela,Fernandez,afernandez3a@cmu.edu,Female,213.247.97.182,11/29/1957
120,Craig,Jackson,cjackson3b@godaddy.com,Male,6.121.127.16,5/11/1966
121,Arthur,Rogers,arogers3c@imgur.com,Male,189.137.144.50,11/17/1975
122,Emily,Howard,ehoward3d@freewebs.com,Female,86.138.217.175,5/10/1999
123,Annie,Gilbert,agilbert3e@shutterfly.com,Female,22.203.25.200,9/26/1966
124,Rachel,Armstrong,rarmstrong3f@mac.com,Female,82.134.105.227,9/2/1982
125,Antonio,Lawson,alawson3g@xing.com,Male,155.60.209.231,6/5/1986
126,Louise,Frazier,lfrazier3h@home.pl,Female,199.33.181.52,10/1/1994
127,Sandra,Price,sprice3i@netscape.com,Female,44.2.245.14,3/25/2000
128,Dorothy,Ramirez,dramirez3j@sakura.ne.jp,Female,143.222.209.88,7/22/1986
129,Diana,Palmer,dpalmer3k@slashdot.org,Female,183.245.234.243,2/14/1974
130,Annie,Peterson,apeterson3l@bbb.org,Female,218.210.170.101,10/2/1990
131,Rachel,Walker,rwalker3m@nifty.com,Female,21.203.109.37,12/27/1997
132,Teresa,Burke,tburke3n@nps.gov,Female,76.75.153.92,7/3/1954
133,Lori,Phillips,lphillips3o@flavors.me,Female,255.238.146.20,10/21/1954
134,Norma,Gray,ngray3p@telegraph.co.uk,Female,188.249.57.52,2/16/1956
135,Janice,Gonzalez,jgonzalez3q@latimes.com,Female,91.140.158.94,3/23/1953
136,Debra,Chavez,dchavez3r@jalbum.net,Female,65.119.98.157,2/12/1988
137,Diana,Brown,dbrown3s@bizjournals.com,Female,197.157.211.50,8/30/1983
138,Christine,George,cgeorge3t@yolasite.com,Female,89.253.175.187,5/17/1979
139,Betty,Medina,bmedina3u@booking.com,Female,57.55.62.151,3/13/1959
140,Rachel,Walker,rwalker3v@illinois.edu,Female,82.92.141.90,1/14/1999
141,Paula,Ford,pford3w@topsy.com,Female,8.97.90.79,12/7/1963
142,Patrick,Harrison,pharrison3x@disqus.com,Male,108.212.166.180,7/20/1969
143,Donna,Burns,dburns3y@youtube.com,Female,160.185.47.248,11/16/1951
144,Michael,Graham,mgraham3z@wikimedia.org,Male,203.72.90.237,1/12/1999
145,Tammy,Sanchez,tsanchez40@mayoclinic.com,Female,255.82.24.36,6/12/2002
146,Fred,Martinez,fmartinez41@t-online.de,Male,223.100.74.217,3/29/1997
147,Patrick,Hunt,phunt42@sciencedirect.com,Male,87.182.4.186,1/22/1985
148,Antonio,Barnes,abarnes43@nationalgeographic.com,Male,158.193.245.83,3/17/1953
149,Kevin,Kelly,kkelly44@apache.org,Male,106.83.245.233,10/19/1959
150,Thomas,Barnes,tbarnes45@accuweather.com,Male,58.57.15.24,6/13/1995
151,Lillian,Gomez,lgomez46@google.com,Female,46.237.168.244,11/15/1958
152,Virginia,Walker,vwalker47@symantec.com,Female,196.234.171.194,7/19/1964
153,Doris,Scott,dscott48@google.cn,Female,46.64.201.236,10/14/1953
154,Carl,Elliott,celliott49@earthlink.net,Male,132.240.192.47,6/24/1956
155,Cheryl,Rogers,crogers4a@fema.gov,Female,38.171.116.169,11/7/1965
156,Albert,Lewis,alewis4b@drupal.org,Male,29.137.236.173,9/5/1973
157,Lori,Nelson,lnelson4c@bbb.org,Female,192.79.173.5,7/13/1973
158,Clarence,Turner,cturner4d@statcounter.com,Male,143.32.69.156,9/7/1987
159,Johnny,Hamilton,jhamilton4e@dion.ne.jp,Male,101.90.116.19,11/25/1976
160,Justin,Evans,jevans4f@elegantthemes.com,Male,174.246.98.16,10/5/1995
161,Carolyn,Kim,ckim4g@skyrock.com,Female,240.7.67.159,3/12/1998
162,Deborah,Perry,dperry4h@multiply.com,Female,108.106.35.212,8/6/1987
163,Brenda,Bailey,bbailey4i@hud.gov,Female,252.136.111.105,1/7/1973
164,Randy,White,rwhite4j@cisco.com,Male,9.71.183.150,6/5/1953
165,Gregory,Campbell,gcampbell4k@edublogs.org,Male,187.222.150.142,1/12/1998
166,Jeffrey,Simmons,jsimmons4l@google.it,Male,215.218.240.177,6/26/1956
167,Amy,Tucker,atucker4m@vk.com,Female,180.6.52.27,5/14/1985
168,Kelly,Morrison,kmorrison4n@java.com,Female,31.37.228.177,7/18/1981
169,Lawrence,Hill,lhill4o@noaa.gov,Male,30.124.201.198,1/14/1951
170,Jonathan,Peters,jpeters4p@livejournal.com,Male,185.145.108.199,1/20/1987
171,Harry,Shaw,hshaw4q@phoca.cz,Male,205.184.46.192,10/23/1960
172,Steve,Campbell,scampbell4r@uiuc.edu,Male,47.137.162.176,5/15/1957
173,Elizabeth,Fernandez,efernandez4s@usgs.gov,Female,98.2.202.131,5/15/1982
174,Barbara,Barnes,bbarnes4t@so-net.ne.jp,Female,242.141.224.217,1/24/1990
175,Emily,Washington,ewashington4u@aol.com,Female,48.234.224.27,9/2/2000
176,Christina,Johnson,cjohnson4v@china.com.cn,Female,150.200.184.137,4/2/1950
177,Katherine,Lewis,klewis4w@diigo.com,Female,115.147.180.3,2/22/1991
178,Jimmy,Ross,jross4x@bloomberg.com,Male,240.102.53.227,9/26/2000
179,Kenneth,George,kgeorge4y@pinterest.com,Male,75.204.38.218,11/25/1984
180,Virginia,James,vjames4z@howstuffworks.com,Female,75.85.229.145,11/27/1968
181,Irene,Gardner,igardner50@deviantart.com,Female,219.237.87.63,8/28/2000
182,Beverly,Payne,bpayne51@bizjournals.com,Female,112.153.178.34,12/14/2000
183,Larry,Harvey,lharvey52@shutterfly.com,Male,5.139.181.60,11/1/1949
184,Pamela,Meyer,pmeyer53@indiegogo.com,Female,6.186.156.167,1/20/1996
185,Katherine,Knight,kknight54@ifeng.com,Female,62.130.232.202,11/22/1949
186,Frances,Hughes,fhughes55@live.com,Female,21.12.92.248,9/21/2001
187,Gloria,Wilson,gwilson56@blog.com,Female,207.8.143.2,3/5/1987
188,Cynthia,Hall,chall57@bizjournals.com,Female,63.200.119.168,8/14/1977
189,David,Wilson,dwilson58@goodreads.com,Male,213.16.197.93,2/13/1979
190,Lois,Smith,lsmith59@scientificamerican.com,Female,85.172.42.134,12/6/1971
191,Dorothy,Wilson,dwilson5a@tiny.cc,Female,19.26.149.15,8/4/1997
192,Jean,Gonzales,jgonzales5b@msn.com,Female,92.207.147.1,6/5/1990
193,Carolyn,Howell,chowell5c@nyu.edu,Female,107.149.174.21,8/29/1973
194,Gerald,Richards,grichards5d@t-online.de,Male,53.194.230.141,9/16/1971
195,Gary,Howell,ghowell5e@shop-pro.jp,Male,204.136.103.90,5/21/1992
196,Carl,Mcdonald,cmcdonald5f@msu.edu,Male,57.251.64.44,3/5/2001
197,Matthew,Collins,mcollins5g@pcworld.com,Male,122.211.183.122,12/12/1969
198,Harry,Lewis,hlewis5h@webeden.co.uk,Male,107.27.0.226,5/26/2000
199,Martha,Stephens,mstephens5i@csmonitor.com,Female,247.236.178.209,8/15/1988
200,Keith,Young,kyoung5j@telegraph.co.uk,Male,1.167.254.144,9/27/1989
201,Rachel,Harvey,rharvey5k@ehow.com,Female,18.35.151.54,7/15/1987
202,Steven,Rose,srose5l@lulu.com,Male,44.70.204.46,6/16/1995
203,Heather,Ryan,hryan5m@goo.gl,Female,227.29.189.226,3/25/1957
204,Jane,Bishop,jbishop5n@nba.com,Female,197.99.246.0,10/9/1962
205,Christina,Torres,ctorres5o@home.pl,Female,241.44.126.32,3/4/1972
206,Kathy,Welch,kwelch5p@wired.com,Female,67.99.59.73,8/8/1977
207,Sean,Ellis,sellis5q@nature.com,Male,159.208.249.165,1/20/1970
208,Judy,Palmer,jpalmer5r@purevolume.com,Female,30.124.138.72,6/7/1963
209,Theresa,Roberts,troberts5s@bbb.org,Female,106.210.250.29,5/31/1986
210,Anthony,Murray,amurray5t@flickr.com,Male,249.147.168.103,6/2/1960
211,Kathryn,Collins,kcollins5u@dell.com,Female,176.65.128.175,2/8/1984
212,Willie,Gray,wgray5v@theglobeandmail.com,Male,236.157.130.229,9/16/1970
213,Jesse,Washington,jwashington5w@forbes.com,Male,117.35.245.169,8/12/1990
214,Sean,Riley,sriley5x@dedecms.com,Male,112.162.148.236,9/8/1967
215,Phyllis,Graham,pgraham5y@slashdot.org,Female,8.250.133.24,1/30/1999
216,Eugene,Griffin,egriffin5z@ihg.com,Male,42.80.73.177,6/21/1957
217,Steven,Murray,smurray60@mysql.com,Male,52.126.62.47,9/4/1968
218,Eric,Bennett,ebennett61@businessinsider.com,Male,153.177.48.65,6/30/1962
219,Susan,Payne,spayne62@meetup.com,Female,99.189.159.0,11/27/1997
220,Eric,Clark,eclark63@ovh.net,Male,176.161.196.113,8/10/1986
221,Julie,Mitchell,jmitchell64@desdev.cn,Female,132.170.55.184,11/24/1962
222,Norma,Perry,nperry65@tmall.com,Female,122.212.17.161,10/23/1966
223,Joshua,Perry,jperry66@reference.com,Male,134.163.225.1,8/20/1956
224,Julie,Stewart,jstewart67@skyrock.com,Female,45.137.171.218,8/14/1983
225,Arthur,Rice,arice68@ucoz.com,Male,85.50.191.32,1/16/1967
226,Diana,Crawford,dcrawford69@bandcamp.com,Female,130.222.92.32,4/17/1956
227,Norma,Day,nday6a@google.fr,Female,137.27.168.126,3/24/1961
228,Marilyn,Simmons,msimmons6b@parallels.com,Female,195.159.65.252,11/29/1984
229,Jeffrey,Moreno,jmoreno6c@gizmodo.com,Male,168.102.89.202,6/6/1992
230,Howard,Jackson,hjackson6d@sphinn.com,Male,102.60.11.70,6/20/1956
231,Christopher,Kim,ckim6e@sohu.com,Male,103.224.129.187,9/14/1989
232,Catherine,Reyes,creyes6f@zimbio.com,Female,188.71.106.169,5/25/1967
233,Donna,Richardson,drichardson6g@nydailynews.com,Female,231.195.215.76,4/25/1967
234,Ralph,Scott,rscott6h@linkedin.com,Male,160.254.99.97,10/23/1953
235,Maria,Peterson,mpeterson6i@spotify.com,Female,168.108.108.129,6/25/1997
236,Helen,Howell,hhowell6j@cpanel.net,Female,130.28.186.180,10/10/1988
237,Wayne,Walker,wwalker6k@nifty.com,Male,186.248.202.163,11/17/1960
238,Nicole,Wheeler,nwheeler6l@pagesperso-orange.fr,Female,202.41.123.164,7/28/1964
239,Douglas,Torres,dtorres6m@mtv.com,Male,80.99.206.78,3/25/2000
240,Tammy,Vasquez,tvasquez6n@house.gov,Female,99.224.115.169,12/3/1952
241,Harold,Lopez,hlopez6o@bloomberg.com,Male,4.60.15.178,8/8/1998
242,Lawrence,Hamilton,lhamilton6p@mit.edu,Male,131.141.5.32,6/30/1988
243,Aaron,Meyer,ameyer6q@issuu.com,Male,29.238.226.16,8/5/1976
244,Christopher,Black,cblack6r@usa.gov,Male,195.152.134.168,1/23/2000
245,Roger,Ferguson,rferguson6s@sakura.ne.jp,Male,12.85.8.146,7/31/1956
246,Roger,Cole,rcole6t@ebay.co.uk,Male,180.132.55.51,8/27/2001
247,Fred,Evans,fevans6u@tuttocitta.it,Male,186.131.146.128,9/6/1957
248,Joseph,Wood,jwood6v@devhub.com,Male,3.47.55.252,6/8/1951
249,Norma,Perkins,nperkins6w@marriott.com,Female,173.180.93.243,12/19/1987
250,Brandon,Dixon,bdixon6x@mail.ru,Male,250.247.110.111,10/1/1959
251,Lillian,Sims,lsims6y@state.gov,Female,86.135.64.251,12/18/1968
252,Todd,Powell,tpowell6z@ted.com,Male,142.5.178.71,3/15/1991
253,Norma,Vasquez,nvasquez70@i2i.jp,Female,145.55.66.64,9/6/1952
254,Rebecca,Fowler,rfowler71@dailymail.co.uk,Female,48.72.192.101,4/12/1995
255,Howard,Hall,hhall72@yelp.com,Male,167.154.213.44,3/24/1963
256,Joe,Jacobs,jjacobs73@discuz.net,Male,2.47.239.115,7/7/1965
257,Emily,Hawkins,ehawkins74@free.fr,Female,58.246.191.32,10/22/1976
258,Anthony,Reed,areed75@eepurl.com,Male,195.230.242.105,4/16/1960
259,Willie,Weaver,wweaver76@skyrock.com,Male,84.179.228.123,2/27/1980
260,Lori,Alvarez,lalvarez77@oaic.gov.au,Female,180.212.190.79,1/22/1974
261,Earl,Holmes,eholmes78@chron.com,Male,60.155.210.199,11/23/1978
262,Robert,Meyer,rmeyer79@prnewswire.com,Male,203.218.70.123,3/15/1996
263,Benjamin,Garrett,bgarrett7a@google.nl,Male,249.11.86.128,5/31/1999
264,Shawn,Hudson,shudson7b@ezinearticles.com,Male,56.115.102.33,9/4/1971
265,Tina,Williamson,twilliamson7c@pen.io,Female,92.120.25.162,6/1/2000
266,Andrea,Sanders,asanders7d@google.pl,Female,76.17.172.139,8/14/1979
267,Anne,Morrison,amorrison7e@loc.gov,Female,193.99.192.175,12/2/1975
268,Benjamin,Johnston,bjohnston7f@ycombinator.com,Male,44.188.183.16,11/29/1980
269,Diane,Mills,dmills7g@yellowbook.com,Female,74.141.144.144,5/15/1986
270,Louis,Cook,lcook7h@so-net.ne.jp,Male,149.233.15.33,12/20/1954
271,Michael,Harris,mharris7i@rediff.com,Male,209.178.174.196,11/16/1973
272,Andrew,Patterson,apatterson7j@craigslist.org,Male,142.106.188.17,10/12/1969
273,Ashley,Gonzales,agonzales7k@goo.gl,Female,64.93.166.231,4/6/1985
274,Marilyn,King,mking7l@samsung.com,Female,167.207.192.38,7/3/2002
275,Douglas,Washington,dwashington7m@w3.org,Male,179.69.210.192,3/12/1960
276,Louise,Ferguson,lferguson7n@geocities.jp,Female,153.11.81.194,2/28/1960
277,Laura,Stone,lstone7o@go.com,Female,3.195.89.199,2/4/1969
278,Albert,Price,aprice7p@microsoft.com,Male,163.10.68.223,3/30/1991
279,Kimberly,Rice,krice7q@homestead.com,Female,152.131.149.19,8/16/1989
280,Stephanie,Burns,sburns7r@wufoo.com,Female,234.221.102.212,4/9/1971
281,Jeremy,Allen,jallen7s@pbs.org,Male,74.239.120.101,8/12/1981
282,Patrick,Welch,pwelch7t@canalblog.com,Male,96.237.118.64,2/21/1966
283,Justin,Kelley,jkelley7u@dailymotion.com,Male,46.18.33.29,9/29/1960
284,Lois,Fox,lfox7v@amazon.com,Female,190.200.159.193,1/16/1971
285,Shirley,Dunn,sdunn7w@phpbb.com,Female,206.223.81.229,11/20/1981
286,Catherine,Garcia,cgarcia7x@nytimes.com,Female,14.18.2.241,7/11/2000
287,Ann,Sims,asims7y@ning.com,Female,97.82.232.21,3/17/1959
288,Ronald,Cunningham,rcunningham7z@myspace.com,Male,110.249.43.216,9/25/1974
289,Lisa,Welch,lwelch80@wunderground.com,Female,102.140.41.144,4/8/1964
290,Carlos,Willis,cwillis81@myspace.com,Male,108.167.62.62,2/19/1951
291,Laura,Bryant,lbryant82@dion.ne.jp,Female,238.21.82.173,9/10/1996
292,Lois,Hanson,lhanson83@tumblr.com,Female,141.222.55.120,3/20/1961
293,Chris,Hayes,chayes84@mtv.com,Male,20.29.97.243,11/2/1952
294,Gloria,Sullivan,gsullivan85@com.com,Female,178.171.9.124,2/21/1990
295,Harry,Martin,hmartin86@wikipedia.org,Male,42.239.141.30,1/23/1991
296,Frank,Arnold,farnold87@privacy.gov.au,Male,244.253.97.232,1/28/1971
297,Lillian,Harrison,lharrison88@sitemeter.com,Female,94.41.239.58,12/22/2001
298,Joan,Daniels,jdaniels89@shinystat.com,Female,88.81.155.141,5/22/1991
299,Fred,Jones,fjones8a@ucoz.ru,Male,136.32.118.178,2/23/1970
300,Dennis,Phillips,dphillips8b@freewebs.com,Male,255.84.171.232,1/16/1981
301,Roger,Scott,rscott8c@gizmodo.com,Male,97.212.157.14,9/26/1975
302,Irene,Gutierrez,igutierrez8d@google.nl,Female,68.1.90.85,9/16/1994
303,Melissa,Gibson,mgibson8e@dot.gov,Female,73.96.62.122,9/30/1981
304,Juan,Franklin,jfranklin8f@4shared.com,Male,95.57.63.233,7/10/2002
305,Jeffrey,Webb,jwebb8g@eepurl.com,Male,230.119.174.113,9/15/1983
306,Heather,Richardson,hrichardson8h@t.co,Female,197.91.235.93,5/27/1997
307,Diana,Foster,dfoster8i@disqus.com,Female,183.179.78.222,10/21/2000
308,Todd,Morris,tmorris8j@php.net,Male,65.155.25.215,3/10/1998
309,Bruce,Gomez,bgomez8k@si.edu,Male,251.208.220.81,8/6/1991
310,Rose,Matthews,rmatthews8l@google.co.jp,Female,108.23.85.150,9/3/1950
311,Brandon,Miller,bmiller8m@fda.gov,Male,40.237.121.43,2/18/1974
312,Diana,Harvey,dharvey8n@deliciousdays.com,Female,196.192.41.36,2/29/1956
313,Alan,Nguyen,anguyen8o@biglobe.ne.jp,Male,222.178.87.242,12/6/1963
314,Billy,Carroll,bcarroll8p@weather.com,Male,125.154.218.124,4/8/1962
315,Judith,Phillips,jphillips8q@umn.edu,Female,253.31.180.80,10/20/1987
316,Tina,Scott,tscott8r@about.com,Female,91.118.13.118,9/13/1991
317,Frances,Roberts,froberts8s@cbc.ca,Female,60.135.203.92,7/1/1952
318,Sean,Peterson,speterson8t@ca.gov,Male,170.132.16.6,2/22/1982
319,Kenneth,Griffin,kgriffin8u@trellian.com,Male,129.153.73.22,9/29/1964
320,Jane,Reynolds,jreynolds8v@altervista.org,Female,224.123.193.155,6/14/1957
321,Stephen,Holmes,sholmes8w@google.fr,Male,156.43.88.152,1/15/1993
322,Angela,Gonzalez,agonzalez8x@youku.com,Female,164.249.80.206,7/28/2002
323,Mary,Clark,mclark8y@bluehost.com,Female,13.25.19.106,6/25/1974
324,Harry,Gutierrez,hgutierrez8z@cam.ac.uk,Male,27.55.136.122,8/14/1959
325,Donald,Payne,dpayne90@mayoclinic.com,Male,51.254.213.68,11/3/1996
326,Alice,Turner,aturner91@jugem.jp,Female,197.186.45.176,11/15/1988
327,Mark,Hunt,mhunt92@ibm.com,Male,68.253.118.116,5/13/1953
328,Steve,Montgomery,smontgomery93@uol.com.br,Male,220.44.171.41,2/28/1953
329,Alan,Cole,acole94@w3.org,Male,63.32.231.168,12/8/1989
330,John,Martinez,jmartinez95@dailymail.co.uk,Male,141.91.55.128,8/24/1962
331,Louis,Gonzales,lgonzales96@amazonaws.com,Male,160.109.11.114,9/23/1991
332,Gerald,Burns,gburns97@fotki.com,Male,59.9.243.228,11/16/1964
333,Dennis,West,dwest98@purevolume.com,Male,247.179.177.94,11/4/1992
334,Kathryn,Mcdonald,kmcdonald99@sogou.com,Female,234.130.60.80,6/1/1984
335,Matthew,Moreno,mmoreno9a@prlog.org,Male,115.150.159.92,3/27/1997
336,Alice,Sullivan,asullivan9b@nature.com,Female,208.173.39.244,4/21/1957
337,Doris,Oliver,doliver9c@comcast.net,Female,197.152.14.160,7/16/1977
338,George,Robertson,grobertson9d@disqus.com,Male,219.227.84.160,12/25/1968
339,Carlos,Young,cyoung9e@exblog.jp,Male,89.109.46.230,4/16/1974
340,Brian,Welch,bwelch9f@devhub.com,Male,251.173.198.242,5/14/1988
341,Paula,Torres,ptorres9g@tinypic.com,Female,221.251.74.175,10/7/1998
342,Mary,Banks,mbanks9h@adobe.com,Female,63.130.20.186,5/10/1993
343,Larry,Carpenter,lcarpenter9i@netlog.com,Male,250.175.169.51,10/14/1985
344,Andrea,Nguyen,anguyen9j@cafepress.com,Female,179.68.142.13,3/1/1980
345,Kelly,Robertson,krobertson9k@latimes.com,Female,121.133.192.204,9/9/1962
346,Jessica,Crawford,jcrawford9l@scientificamerican.com,Female,101.3.25.143,4/13/1957
347,Billy,Roberts,broberts9m@chicagotribune.com,Male,251.205.41.25,3/1/1959
348,Justin,Fuller,jfuller9n@pinterest.com,Male,1.188.220.195,8/9/1965
349,Tina,Garrett,tgarrett9o@loc.gov,Female,4.246.172.102,3/20/1999
350,Rebecca,Chavez,rchavez9p@behance.net,Female,82.184.244.120,12/23/1959
351,Phillip,Day,pday9q@godaddy.com,Male,244.170.134.18,3/15/1955
352,Robert,Evans,revans9r@wired.com,Male,128.252.252.33,2/11/1968
353,Lori,Kim,lkim9s@g.co,Female,225.146.212.31,7/1/1960
354,Kathleen,Simpson,ksimpson9t@4shared.com,Female,171.157.38.159,11/23/1953
355,Kelly,Fox,kfox9u@barnesandnoble.com,Female,255.162.82.167,6/29/1980
356,Terry,Richardson,trichardson9v@drupal.org,Male,2.186.191.72,6/13/1955
357,Patricia,West,pwest9w@people.com.cn,Female,154.204.238.139,8/8/1990
358,Edward,Garza,egarza9x@com.com,Male,247.172.162.183,3/5/1987
359,Joyce,Frazier,jfrazier9y@diigo.com,Female,25.92.18.114,4/11/1962
360,Douglas,Sanders,dsanders9z@comsenz.com,Male,171.253.96.142,3/12/1985
361,Victor,Mason,vmasona0@acquirethisname.com,Male,135.237.181.205,7/31/1996
362,Rebecca,Peterson,rpetersona1@de.vu,Female,214.31.107.184,2/17/1998
363,Jack,Garcia,jgarciaa2@sbwire.com,Male,202.238.116.145,5/4/1975
364,Brandon,Day,bdaya3@un.org,Male,92.140.96.185,4/23/1958
365,Carolyn,Rivera,criveraa4@free.fr,Female,148.49.42.237,3/29/1977
366,Dorothy,Stanley,dstanleya5@topsy.com,Female,160.210.159.189,3/30/1996
367,Anthony,Reid,areida6@google.es,Male,71.210.87.206,9/19/1950
368,Matthew,Mitchell,mmitchella7@delicious.com,Male,43.97.55.188,1/16/1954
369,Susan,Murphy,smurphya8@scientificamerican.com,Female,173.1.19.77,6/18/1960
370,Ashley,Sullivan,asullivana9@nyu.edu,Female,138.154.80.140,11/5/1995
371,Diane,Watkins,dwatkinsaa@purevolume.com,Female,178.207.227.226,4/27/1990
372,Sharon,Wilson,swilsonab@un.org,Female,26.92.15.3,1/15/1989
373,Larry,Gomez,lgomezac@odnoklassniki.ru,Male,183.98.76.121,5/10/1956
374,John,Henry,jhenryad@aboutads.info,Male,98.57.39.196,3/12/1970
375,Christopher,Russell,crussellae@stumbleupon.com,Male,236.153.209.99,9/1/1962
376,Scott,Fowler,sfowleraf@ocn.ne.jp,Male,105.87.1.83,10/13/1959
377,Catherine,Owens,cowensag@webeden.co.uk,Female,126.26.155.91,10/19/1990
378,Patrick,Harper,pharperah@photobucket.com,Male,149.224.188.103,3/10/1961
379,Steve,Flores,sfloresai@bloglines.com,Male,89.222.113.19,1/12/1985
380,Janice,Nichols,jnicholsaj@tuttocitta.it,Female,222.207.160.72,4/19/2002
381,Thomas,Ellis,tellisak@reverbnation.com,Male,13.22.29.144,11/1/1959
382,Johnny,Clark,jclarkal@devhub.com,Male,101.16.50.21,2/7/1963
383,Phillip,Turner,pturneram@ameblo.jp,Male,2.21.182.62,5/30/1949
384,Aaron,Martinez,amartinezan@google.pl,Male,23.184.104.130,6/13/1995
385,Cynthia,Young,cyoungao@squidoo.com,Female,180.39.119.161,11/16/1965
386,Ashley,Evans,aevansap@scribd.com,Female,167.237.215.231,5/16/1988
387,Charles,Cunningham,ccunninghamaq@netlog.com,Male,181.116.100.90,4/19/1970
388,Jason,Fuller,jfullerar@rakuten.co.jp,Male,40.214.100.183,4/30/1979
389,Jason,Ford,jfordas@yolasite.com,Male,243.21.39.45,10/22/1958
390,Diana,Oliver,doliverat@aboutads.info,Female,116.124.125.147,9/23/1953
391,Roy,Burke,rburkeau@adobe.com,Male,145.136.214.177,10/5/2001
392,Gerald,Fuller,gfullerav@ocn.ne.jp,Male,223.180.119.59,10/15/1949
393,Henry,Wells,hwellsaw@nsw.gov.au,Male,212.14.158.77,6/28/1954
394,Harold,Ramirez,hramirezax@php.net,Male,226.92.70.235,9/28/1956
395,Benjamin,Sullivan,bsullivanay@aol.com,Male,158.168.147.234,8/8/1963
396,Kathy,Stevens,kstevensaz@i2i.jp,Female,174.245.195.10,1/24/1959
397,Thomas,Andrews,tandrewsb0@networksolutions.com,Male,71.241.91.186,5/18/1991
398,Bonnie,Riley,brileyb1@scribd.com,Female,72.66.77.149,3/11/2002
399,Susan,Cox,scoxb2@harvard.edu,Female,206.143.67.147,4/13/1989
400,Deborah,Morales,dmoralesb3@si.edu,Female,22.180.12.140,3/25/1978
401,Dennis,Little,dlittleb4@1und1.de,Male,24.251.118.125,10/13/1950
402,Barbara,Lawson,blawsonb5@dropbox.com,Female,219.167.141.11,6/21/1984
403,Andrea,Black,ablackb6@who.int,Female,89.47.33.113,5/10/1997
404,Jonathan,Sanders,jsandersb7@europa.eu,Male,240.157.9.13,4/26/1997
405,George,Rose,groseb8@biblegateway.com,Male,10.218.105.53,1/7/1953
406,Michelle,Butler,mbutlerb9@wikipedia.org,Female,236.102.138.28,11/17/1955
407,Walter,Sanders,wsandersba@upenn.edu,Male,186.170.121.219,3/30/1968
408,Amy,Ortiz,aortizbb@storify.com,Female,104.217.241.135,8/5/1950
409,Jeffrey,Hicks,jhicksbc@ycombinator.com,Male,133.125.79.197,6/11/1963
410,Juan,Adams,jadamsbd@sourceforge.net,Male,207.113.40.193,9/6/1985
411,Timothy,Austin,taustinbe@ifeng.com,Male,114.75.221.90,3/17/2000
412,Diana,Adams,dadamsbf@reference.com,Female,222.104.148.147,3/13/1957
413,Alice,Rose,arosebg@opensource.org,Female,94.69.15.111,8/14/1989
414,Carolyn,Hernandez,chernandezbh@behance.net,Female,223.12.101.58,5/18/1976
415,Michelle,Garcia,mgarciabi@yellowpages.com,Female,115.116.24.154,1/16/1961
416,Rebecca,Murray,rmurraybj@blogger.com,Female,98.90.246.33,10/15/1982
417,Cheryl,Hernandez,chernandezbk@ibm.com,Female,101.17.15.233,7/5/1991
418,Judith,Welch,jwelchbl@hatena.ne.jp,Female,112.70.14.187,3/3/1997
419,Anna,Armstrong,aarmstrongbm@ehow.com,Female,42.209.161.74,6/27/1962
420,Chris,Mitchell,cmitchellbn@wunderground.com,Male,72.152.67.232,7/28/1978
421,Andrea,Carpenter,acarpenterbo@sun.com,Female,116.253.60.227,6/1/1966
422,Daniel,Vasquez,dvasquezbp@yandex.ru,Male,254.124.3.61,1/16/1989
423,Doris,Peters,dpetersbq@biblegateway.com,Female,64.18.127.166,7/15/1991
424,Jacqueline,Ward,jwardbr@google.de,Female,170.135.239.201,7/14/1953
425,Eugene,Banks,ebanksbs@infoseek.co.jp,Male,54.52.201.109,2/12/1955
426,Walter,Mccoy,wmccoybt@moonfruit.com,Male,96.162.149.165,8/18/1997
427,Daniel,Hart,dhartbu@spotify.com,Male,107.154.80.168,7/15/2002
428,Norma,Flores,nfloresbv@friendfeed.com,Female,236.156.235.44,11/18/1957
429,Henry,Rodriguez,hrodriguezbw@4shared.com,Male,25.199.35.245,11/5/1972
430,Robert,Nguyen,rnguyenbx@tripadvisor.com,Male,133.175.29.16,11/28/1949
431,Helen,Ortiz,hortizby@angelfire.com,Female,167.238.151.212,8/8/1991
432,Jimmy,Holmes,jholmesbz@nydailynews.com,Male,27.21.253.18,4/20/1999
433,Ann,Ellis,aellisc0@bluehost.com,Female,224.161.175.101,8/22/1959
434,Norma,Mcdonald,nmcdonaldc1@comsenz.com,Female,12.242.231.240,7/30/1975
435,Teresa,Rogers,trogersc2@joomla.org,Female,253.39.80.78,4/6/1970
436,Deborah,Ray,drayc3@foxnews.com,Female,99.115.144.59,3/29/1988
437,Sharon,Snyder,ssnyderc4@google.es,Female,14.226.144.131,7/19/2002
438,Katherine,Alvarez,kalvarezc5@reverbnation.com,Female,32.250.242.116,1/25/1978
439,Ruby,Gray,rgrayc6@wisc.edu,Female,201.188.115.61,4/9/1961
440,James,Mills,jmillsc7@people.com.cn,Male,153.168.20.80,10/26/1999
441,Sara,Morrison,smorrisonc8@earthlink.net,Female,27.58.243.7,9/14/1979
442,Matthew,Peters,mpetersc9@amazon.com,Male,28.234.37.229,10/18/1988
443,Nicole,Reed,nreedca@nih.gov,Female,132.19.27.80,5/7/1950
444,Arthur,Franklin,afranklincb@meetup.com,Male,204.53.89.118,2/17/1998
445,Howard,Knight,hknightcc@patch.com,Male,136.14.248.183,3/4/1960
446,Billy,Young,byoungcd@linkedin.com,Male,30.38.73.48,12/27/1967
447,Alice,Richards,arichardsce@instagram.com,Female,82.148.92.87,1/21/1983
448,Mary,Howell,mhowellcf@unesco.org,Female,13.21.208.87,5/30/1994
449,Angela,Collins,acollinscg@sina.com.cn,Female,62.160.72.161,12/22/1948
450,Johnny,Butler,jbutlerch@comcast.net,Male,113.136.175.43,12/25/1979
451,Jennifer,Bell,jbellci@nps.gov,Female,106.93.94.255,8/3/1985
452,Billy,Bowman,bbowmancj@cornell.edu,Male,132.198.151.46,4/7/1952
453,Howard,George,hgeorgeck@oaic.gov.au,Male,208.11.62.251,7/8/1985
454,James,Elliott,jelliottcl@flickr.com,Male,83.248.196.237,3/23/1960
455,Michelle,Austin,maustincm@latimes.com,Female,56.130.201.189,2/28/1972
456,Robin,Foster,rfostercn@narod.ru,Female,242.119.179.74,6/8/1975
457,Diane,Spencer,dspencerco@miibeian.gov.cn,Female,204.215.242.203,7/29/2002
458,Nicole,Morris,nmorriscp@time.com,Female,96.227.79.195,5/16/1960
459,Frances,Green,fgreencq@apple.com,Female,132.27.110.10,5/30/1953
460,Brandon,Turner,bturnercr@weebly.com,Male,251.119.216.235,9/30/1993
461,Clarence,Stewart,cstewartcs@dropbox.com,Male,77.180.116.158,8/27/1967
462,Judith,Kelley,jkelleyct@sitemeter.com,Female,31.82.166.235,11/23/1967
463,Irene,Mason,imasoncu@vkontakte.ru,Female,80.203.56.64,6/25/1962
464,Dennis,Hall,dhallcv@google.ru,Male,220.49.97.200,5/11/1981
465,Evelyn,Brown,ebrowncw@wikipedia.org,Female,29.60.134.114,3/18/1964
466,Robin,Bradley,rbradleycx@hc360.com,Female,125.122.118.207,5/23/1963
467,James,Shaw,jshawcy@amazon.de,Male,29.98.54.228,7/2/1980
468,Douglas,Arnold,darnoldcz@ask.com,Male,227.181.26.17,2/13/1977
469,Terry,Austin,taustind0@gov.uk,Male,100.53.250.146,7/23/1982
470,Clarence,Powell,cpowelld1@amazon.de,Male,53.128.81.64,1/14/1956
471,Annie,George,ageorged2@weebly.com,Female,255.107.166.253,8/27/1963
472,Margaret,Romero,mromerod3@123-reg.co.uk,Female,237.93.35.211,5/10/1988
473,Beverly,Ruiz,bruizd4@washington.edu,Female,228.69.154.102,6/15/1989
474,Janice,Simmons,jsimmonsd5@dagondesign.com,Female,225.82.25.116,8/8/1966
475,Jessica,Patterson,jpattersond6@ebay.com,Female,117.131.59.9,11/8/1961
476,Ernest,Shaw,eshawd7@issuu.com,Male,23.54.83.186,4/3/2000
477,Randy,Richardson,rrichardsond8@adobe.com,Male,86.247.105.192,2/7/2001
478,Thomas,Wells,twellsd9@time.com,Male,222.112.237.46,2/14/1965
479,Jean,Dunn,jdunnda@merriam-webster.com,Female,0.231.10.120,6/1/1987
480,Joseph,Willis,jwillisdb@spotify.com,Male,250.152.59.219,7/22/1976
481,Anthony,Sanchez,asanchezdc@unc.edu,Male,203.103.27.38,4/28/1955
482,Ruth,Wheeler,rwheelerdd@fc2.com,Female,226.173.246.202,11/23/1986
483,Todd,Robertson,trobertsonde@mediafire.com,Male,218.155.224.35,3/6/1970
484,Elizabeth,Adams,eadamsdf@twitter.com,Female,59.198.119.134,10/27/1980
485,Ashley,Lawson,alawsondg@hugedomains.com,Female,59.25.3.154,11/17/2002
486,Laura,Pierce,lpiercedh@ning.com,Female,192.192.35.143,3/13/1975
487,Antonio,Carpenter,acarpenterdi@paypal.com,Male,240.228.227.146,7/29/1951
488,Alice,Evans,aevansdj@hc360.com,Female,101.135.82.63,6/24/1993
489,Jerry,Flores,jfloresdk@usnews.com,Male,168.145.51.153,12/4/1971
490,Victor,Ramirez,vramirezdl@technorati.com,Male,47.71.40.9,10/8/1960
491,Gregory,Lopez,glopezdm@biblegateway.com,Male,59.123.7.231,3/26/1953
492,Craig,Morales,cmoralesdn@vistaprint.com,Male,84.111.254.187,8/26/1969
493,Lisa,Johnson,ljohnsondo@bigcartel.com,Female,17.75.36.18,9/17/1952
494,Michael,Lopez,mlopezdp@nih.gov,Male,80.141.149.244,11/8/1949
495,Jesse,Daniels,jdanielsdq@ox.ac.uk,Male,162.136.113.76,3/2/1960
496,Matthew,Alexander,malexanderdr@reddit.com,Male,204.103.252.241,7/31/1987
497,Pamela,Larson,plarsonds@hugedomains.com,Female,213.155.221.153,2/1/1999
498,Jonathan,Palmer,jpalmerdt@so-net.ne.jp,Male,127.54.75.180,6/7/1978
499,Christina,Rice,cricedu@infoseek.co.jp,Female,102.128.145.53,2/18/1968
500,Diane,Palmer,dpalmerdv@prweb.com,Female,83.111.171.147,4/29/1952
501,William,Cunningham,wcunninghamdw@nbcnews.com,Male,1.102.13.142,1/12/1970
502,Jane,Freeman,jfreemandx@weebly.com,Female,227.161.16.230,11/6/1963
503,Stephen,Perez,sperezdy@apache.org,Male,58.33.70.124,10/20/1953
504,Deborah,Boyd,dboyddz@vistaprint.com,Female,234.55.33.179,7/25/1999
505,Cheryl,Payne,cpaynee0@spiegel.de,Female,63.123.110.240,9/8/1994
506,Roy,Hernandez,rhernandeze1@php.net,Male,19.83.188.237,12/30/1985
507,Anna,Kelly,akellye2@exblog.jp,Female,168.129.193.181,4/13/1958
508,Jimmy,Flores,jflorese3@microsoft.com,Male,4.65.22.59,12/20/1973
509,Russell,Harris,rharrise4@economist.com,Male,110.28.149.177,6/13/1998
510,Samuel,Price,spricee5@umn.edu,Male,74.212.252.145,5/13/1980
511,Rachel,Stevens,rstevense6@sphinn.com,Female,47.33.248.108,1/14/1953
512,Beverly,Ellis,bellise7@twitpic.com,Female,110.11.94.43,8/30/1984
513,Chris,Gardner,cgardnere8@nationalgeographic.com,Male,199.203.40.173,12/8/1981
514,Benjamin,Alexander,balexandere9@ucoz.ru,Male,9.64.58.237,9/17/1974
515,Carlos,Gray,cgrayea@ft.com,Male,134.24.21.53,12/18/1967
516,Victor,Cole,vcoleeb@ft.com,Male,50.86.161.234,11/2/1987
517,Kenneth,Burton,kburtonec@furl.net,Male,175.194.102.205,12/18/1958
518,Frances,Powell,fpowelled@nasa.gov,Female,231.1.225.210,11/16/1978
519,Joseph,Oliver,joliveree@nationalgeographic.com,Male,65.65.196.74,3/15/1975
520,Diane,Porter,dporteref@comcast.net,Female,128.93.96.52,11/15/1955
521,Diane,Lee,dleeeg@opensource.org,Female,190.67.99.115,6/30/1963
522,Christine,Lane,claneeh@webnode.com,Female,225.214.207.43,12/25/1963
523,Ralph,Campbell,rcampbellei@opensource.org,Male,74.167.79.56,1/28/1995
524,Joseph,Ferguson,jfergusonej@tiny.cc,Male,114.6.232.118,4/16/1954
525,Harold,Bennett,hbennettek@ca.gov,Male,68.94.187.181,11/1/1955
526,Gerald,Morris,gmorrisel@oakley.com,Male,208.242.138.218,4/12/1969
527,William,Lynch,wlynchem@irs.gov,Male,66.129.201.252,9/14/1967
528,Paula,Hall,phallen@ebay.com,Female,31.13.13.147,10/25/1953
529,Craig,Little,clittleeo@acquirethisname.com,Male,237.255.65.39,2/26/1999
530,Carl,Porter,cporterep@nasa.gov,Male,233.206.2.20,7/28/1973
531,Andrea,Taylor,atayloreq@marriott.com,Female,128.64.148.73,2/10/1954
532,Michelle,Riley,mrileyer@slashdot.org,Female,3.101.178.13,2/3/1979
533,Catherine,Rogers,crogerses@npr.org,Female,16.72.228.241,12/30/1971
534,Angela,Hunter,ahunteret@mac.com,Female,172.145.222.60,10/14/2000
535,Victor,Hernandez,vhernandezeu@google.co.jp,Male,254.12.146.66,2/22/1954
536,David,Black,dblackev@devhub.com,Male,3.192.241.146,7/17/1966
537,George,Wright,gwrightew@technorati.com,Male,110.26.42.55,8/20/1960
538,Thomas,Kim,tkimex@fda.gov,Male,128.207.235.136,4/30/2000
539,Kenneth,Smith,ksmithey@whitehouse.gov,Male,96.200.42.30,5/4/1975
540,Beverly,George,bgeorgeez@parallels.com,Female,69.160.110.42,9/6/1985
541,Joseph,Griffin,jgriffinf0@weather.com,Male,114.92.37.180,4/30/2000
542,Anna,Graham,agrahamf1@oracle.com,Female,105.143.219.242,11/3/1991
543,Judith,Richards,jrichardsf2@howstuffworks.com,Female,137.121.212.188,3/9/1974
544,Tammy,Morris,tmorrisf3@tumblr.com,Female,144.52.110.25,8/6/1977
545,Jeffrey,Stewart,jstewartf4@php.net,Male,13.166.65.133,3/28/1972
546,Daniel,Stanley,dstanleyf5@friendfeed.com,Male,167.21.237.216,1/5/1993
547,Amy,Reed,areedf6@webs.com,Female,117.61.54.38,6/13/1951
548,Tammy,Snyder,tsnyderf7@umn.edu,Female,131.128.166.9,10/13/1991
549,Evelyn,Taylor,etaylorf8@histats.com,Female,114.199.55.67,1/18/1985
550,Brian,Howard,bhowardf9@networksolutions.com,Male,204.94.238.20,9/17/1958
551,Randy,Kennedy,rkennedyfa@yale.edu,Male,246.183.52.197,7/1/1986
552,Todd,Garza,tgarzafb@unc.edu,Male,177.158.179.163,8/18/1958
553,Richard,George,rgeorgefc@ow.ly,Male,152.44.104.167,7/29/1995
554,Mark,Snyder,msnyderfd@webeden.co.uk,Male,109.251.213.68,9/11/1976
555,Craig,Duncan,cduncanfe@photobucket.com,Male,166.225.227.94,12/16/1971
556,Virginia,Payne,vpayneff@amazon.de,Female,116.185.41.196,12/29/1948
557,Ralph,Carr,rcarrfg@sitemeter.com,Male,127.185.151.160,7/10/1949
558,Kevin,Reynolds,kreynoldsfh@squidoo.com,Male,209.107.36.240,10/20/1993
559,Earl,Sims,esimsfi@independent.co.uk,Male,108.252.99.76,8/18/1979
560,Julie,Roberts,jrobertsfj@prlog.org,Female,24.3.60.55,6/6/1961
561,Jean,Jacobs,jjacobsfk@home.pl,Female,193.194.35.32,7/27/1994
562,Angela,Howard,ahowardfl@discuz.net,Female,240.250.215.148,2/8/1951
563,Patricia,Turner,pturnerfm@unicef.org,Female,135.48.154.190,3/8/1968
564,Karen,Phillips,kphillipsfn@slate.com,Female,205.137.213.105,12/11/1959
565,Jane,Riley,jrileyfo@tuttocitta.it,Female,65.40.208.193,3/13/1976
566,Andrew,Butler,abutlerfp@scientificamerican.com,Male,75.70.151.163,3/18/1962
567,Ernest,Dunn,edunnfq@wufoo.com,Male,48.157.164.112,9/1/1983
568,James,Armstrong,jarmstrongfr@biglobe.ne.jp,Male,244.99.252.19,8/9/1970
569,Katherine,Jackson,kjacksonfs@naver.com,Female,168.253.80.59,9/6/1953
570,Arthur,Stevens,astevensft@globo.com,Male,63.35.199.139,8/22/1970
571,Craig,Reyes,creyesfu@merriam-webster.com,Male,126.151.82.236,5/25/1988
572,Sean,Garrett,sgarrettfv@omniture.com,Male,134.76.97.38,7/20/1982
573,Martin,Hunter,mhunterfw@state.tx.us,Male,205.13.179.216,11/25/1995
574,Douglas,Olson,dolsonfx@illinois.edu,Male,238.148.245.156,3/30/1952
575,Judith,Jones,jjonesfy@feedburner.com,Female,107.231.102.1,3/30/1967
576,Aaron,Sims,asimsfz@engadget.com,Male,190.232.112.40,9/8/1994
577,Christina,Hawkins,chawkinsg0@chicagotribune.com,Female,169.130.44.120,2/6/1950
578,Teresa,Garrett,tgarrettg1@gov.uk,Female,250.67.63.122,4/4/1967
579,Jack,Carter,jcarterg2@infoseek.co.jp,Male,220.41.55.254,1/13/1993
580,Lisa,Robinson,lrobinsong3@diigo.com,Female,217.189.134.120,12/12/1963
581,Betty,Williamson,bwilliamsong4@github.io,Female,156.119.99.159,11/28/1984
582,Carolyn,Jones,cjonesg5@jalbum.net,Female,109.149.65.143,7/29/1964
583,Frank,James,fjamesg6@ted.com,Male,242.50.9.6,2/12/1962
584,Anna,Reid,areidg7@godaddy.com,Female,13.166.127.241,12/15/1979
585,Annie,Ellis,aellisg8@pen.io,Female,210.246.181.100,3/26/1987
586,Kathy,Thomas,kthomasg9@shareasale.com,Female,66.21.54.9,2/18/1949
587,William,Rodriguez,wrodriguezga@fema.gov,Male,214.151.211.198,5/8/1972
588,Ernest,Roberts,erobertsgb@devhub.com,Male,200.130.108.166,7/27/1981
589,Rebecca,Hunter,rhuntergc@fda.gov,Female,68.42.171.157,9/6/1959
590,Brandon,Rogers,brogersgd@va.gov,Male,208.85.22.188,8/29/1968
591,Jacqueline,Dean,jdeange@tinypic.com,Female,231.204.214.106,4/16/1957
592,William,Reyes,wreyesgf@trellian.com,Male,153.93.249.79,12/27/1964
593,Edward,Bishop,ebishopgg@cisco.com,Male,215.171.20.179,10/31/1994
594,Lois,Nelson,lnelsongh@yale.edu,Female,153.172.58.178,6/21/1993
595,Steven,Jacobs,sjacobsgi@opera.com,Male,81.76.88.132,7/26/1966
596,Peter,Welch,pwelchgj@dmoz.org,Male,183.255.149.141,6/23/1981
597,Cynthia,Marshall,cmarshallgk@infoseek.co.jp,Female,5.99.69.128,6/9/1953
598,William,Harris,wharrisgl@paginegialle.it,Male,88.160.187.87,3/7/1957
599,Christopher,Campbell,ccampbellgm@slate.com,Male,153.215.40.231,8/9/1958
600,Douglas,King,dkinggn@vk.com,Male,30.210.53.53,5/5/1999
601,Anna,Nelson,anelsongo@opensource.org,Female,80.91.99.87,12/2/1948
602,Diane,Little,dlittlegp@slate.com,Female,180.9.171.120,7/15/1976
603,Gloria,Hernandez,ghernandezgq@businessweek.com,Female,113.146.68.91,5/8/1955
604,James,Rice,jricegr@eepurl.com,Male,13.69.128.247,1/17/1969
605,Robert,Stone,rstonegs@cmu.edu,Male,86.175.75.68,2/6/1975
606,Clarence,Pierce,cpiercegt@npr.org,Male,115.223.184.73,8/26/1995
607,Lillian,Morales,lmoralesgu@cornell.edu,Female,192.31.172.75,8/2/1974
608,Antonio,Griffin,agriffingv@timesonline.co.uk,Male,7.28.238.215,11/23/1996
609,Andrew,Jones,ajonesgw@yahoo.com,Male,19.118.97.218,2/24/1991
610,Michael,Richardson,mrichardsongx@illinois.edu,Male,233.53.198.23,10/12/1950
611,Cheryl,Scott,cscottgy@behance.net,Female,148.173.248.177,6/16/1954
612,Alan,Scott,ascottgz@gravatar.com,Male,9.162.100.213,9/4/1990
613,Carol,Fox,cfoxh0@fema.gov,Female,169.81.62.150,9/28/1950
614,Douglas,Davis,ddavish1@latimes.com,Male,246.198.119.219,10/7/1950
615,Wayne,Green,wgreenh2@reference.com,Male,137.255.96.33,1/7/1980
616,Christopher,Nelson,cnelsonh3@wikipedia.org,Male,82.183.223.93,9/12/1962
617,Cheryl,Hill,chillh4@amazon.co.uk,Female,234.229.140.247,12/29/1994
618,Teresa,Moore,tmooreh5@cyberchimps.com,Female,82.149.82.200,6/16/2000
619,Kimberly,Harper,kharperh6@symantec.com,Female,150.107.62.107,1/27/1993
620,Roy,Romero,rromeroh7@ox.ac.uk,Male,107.203.92.218,4/25/1992
621,Lillian,Chavez,lchavezh8@miitbeian.gov.cn,Female,102.130.185.11,10/10/1964
622,Kathleen,Morris,kmorrish9@twitpic.com,Female,103.200.144.36,9/16/1973
623,Angela,Austin,aaustinha@wikimedia.org,Female,0.102.228.107,10/26/1995
624,Janet,Kennedy,jkennedyhb@biglobe.ne.jp,Female,216.30.207.248,11/1/1955
625,Edward,Jackson,ejacksonhc@cnet.com,Male,12.73.178.102,3/18/1957
626,Beverly,Mills,bmillshd@shutterfly.com,Female,167.71.178.78,9/29/1996
627,Anna,Gilbert,agilberthe@gravatar.com,Female,16.93.126.245,4/18/1997
628,Russell,Lawrence,rlawrencehf@wp.com,Male,183.115.192.238,12/13/1979
629,Dennis,Ortiz,dortizhg@sbwire.com,Male,179.200.141.221,8/22/1968
630,Jean,Washington,jwashingtonhh@fc2.com,Female,89.86.199.156,3/31/1953
631,Frank,Harper,fharperhi@xing.com,Male,59.116.178.126,6/10/1971
632,Scott,Austin,saustinhj@istockphoto.com,Male,66.196.240.161,2/2/1954
633,Frances,Roberts,frobertshk@businessinsider.com,Female,2.10.205.211,9/29/1969
634,Shirley,Adams,sadamshl@quantcast.com,Female,239.102.29.18,2/21/1967
635,Peter,Reid,preidhm@vk.com,Male,181.181.166.53,9/15/1983
636,Nancy,Patterson,npattersonhn@foxnews.com,Female,235.33.195.224,1/22/1979
637,Joe,Richards,jrichardsho@netscape.com,Male,50.52.225.81,1/7/1987
638,Chris,Nelson,cnelsonhp@hostgator.com,Male,83.115.49.207,8/21/1990
639,Kathleen,Williamson,kwilliamsonhq@usatoday.com,Female,180.175.37.54,4/15/1962
640,Theresa,West,twesthr@ed.gov,Female,103.182.26.78,1/14/1992
641,Adam,Robertson,arobertsonhs@linkedin.com,Male,94.63.159.118,11/18/1986
642,Jimmy,Castillo,jcastilloht@unicef.org,Male,250.161.104.134,11/25/1949
643,Stephanie,Mendoza,smendozahu@wordpress.com,Female,38.1.79.115,8/17/1995
644,Daniel,Spencer,dspencerhv@yandex.ru,Male,234.141.27.189,6/24/1965
645,Wayne,Hernandez,whernandezhw@vkontakte.ru,Male,115.122.127.179,11/13/1966
646,Pamela,Ruiz,pruizhx@linkedin.com,Female,101.231.101.1,1/20/1965
647,Donald,Ortiz,dortizhy@i2i.jp,Male,111.7.240.150,5/30/1981
648,Maria,Berry,mberryhz@skype.com,Female,70.184.64.126,12/21/1992
649,Angela,Cruz,acruzi0@dailymail.co.uk,Female,175.143.86.21,2/25/1975
650,Alan,Turner,aturneri1@zimbio.com,Male,160.186.173.118,6/7/1969
651,Michelle,Franklin,mfranklini2@photobucket.com,Female,246.78.230.6,10/3/1952
652,Arthur,Andrews,aandrewsi3@google.com.br,Male,152.147.188.115,5/22/1995
653,Alan,Pierce,apiercei4@yellowbook.com,Male,242.59.155.134,1/31/1973
654,Evelyn,Jenkins,ejenkinsi5@sun.com,Female,72.32.6.228,2/18/2002
655,Clarence,Nichols,cnicholsi6@unc.edu,Male,17.217.30.11,5/27/1987
656,Harry,Harrison,hharrisoni7@java.com,Male,241.95.46.22,12/9/1975
657,Carolyn,Woods,cwoodsi8@unesco.org,Female,38.29.142.155,5/16/1973
658,Julie,Wells,jwellsi9@time.com,Female,101.157.181.74,7/21/2000
659,Lillian,Bishop,lbishopia@wikipedia.org,Female,50.237.115.101,8/26/1957
660,Lisa,Banks,lbanksib@bandcamp.com,Female,111.52.193.188,8/10/1958
661,Henry,Mcdonald,hmcdonaldic@plala.or.jp,Male,195.195.247.96,5/30/1980
662,Steven,Woods,swoodsid@php.net,Male,69.99.17.68,7/10/1989
663,Beverly,Barnes,bbarnesie@cyberchimps.com,Female,2.98.46.117,8/10/2001
664,Norma,Arnold,narnoldif@shareasale.com,Female,142.48.212.65,7/12/1983
665,Irene,Jenkins,ijenkinsig@sohu.com,Female,195.175.224.219,5/14/1973
666,Jennifer,Romero,jromeroih@wordpress.org,Female,251.21.162.98,4/7/1952
667,Carlos,Larson,clarsonii@ucoz.ru,Male,217.10.255.190,12/8/1952
668,Sarah,Howard,showardij@discuz.net,Female,185.172.107.209,9/6/1960
669,Jesse,Barnes,jbarnesik@google.fr,Male,24.65.186.172,11/27/1963
670,Charles,Alexander,calexanderil@telegraph.co.uk,Male,95.157.129.224,12/5/1960
671,Marilyn,Harper,mharperim@buzzfeed.com,Female,85.248.125.174,5/5/1974
672,Ruth,Meyer,rmeyerin@soup.io,Female,50.191.154.255,7/7/1995
673,Cheryl,Austin,caustinio@oakley.com,Female,237.166.244.134,1/26/2000
674,Gary,Cunningham,gcunninghamip@clickbank.net,Male,53.38.79.237,7/6/1963
675,Juan,Harrison,jharrisoniq@goodreads.com,Male,147.252.252.76,6/28/2001
676,Marie,Burns,mburnsir@xing.com,Female,210.51.99.237,5/28/1982
677,Phillip,Garza,pgarzais@cocolog-nifty.com,Male,9.29.230.76,6/13/1990
678,Adam,Webb,awebbit@people.com.cn,Male,121.217.186.88,1/10/1959
679,Heather,Reynolds,hreynoldsiu@cisco.com,Female,97.7.253.166,12/3/1963
680,Louise,Porter,lporteriv@barnesandnoble.com,Female,110.149.169.165,10/6/1960
681,Craig,Howell,chowelliw@seattletimes.com,Male,13.173.234.102,8/31/1959
682,Phyllis,Hunt,phuntix@dion.ne.jp,Female,104.202.7.163,5/26/1993
683,Mildred,Garcia,mgarciaiy@columbia.edu,Female,113.13.129.138,4/22/1974
684,Jeremy,Jackson,jjacksoniz@wikipedia.org,Male,250.92.196.173,11/12/1974
685,Nancy,Long,nlongj0@youtu.be,Female,146.51.176.67,3/10/1953
686,Ronald,Jones,rjonesj1@telegraph.co.uk,Male,240.60.174.56,11/17/1990
687,Jane,Ruiz,jruizj2@ca.gov,Female,76.229.0.199,3/17/1952
688,Lois,Morrison,lmorrisonj3@columbia.edu,Female,171.247.151.180,6/12/1976
689,Patricia,Coleman,pcolemanj4@opensource.org,Female,43.246.18.152,11/14/1965
690,Keith,Fox,kfoxj5@miibeian.gov.cn,Male,154.229.8.186,7/26/1967
691,Lori,Williams,lwilliamsj6@craigslist.org,Female,166.32.215.178,1/20/1973
692,Wayne,Russell,wrussellj7@vimeo.com,Male,22.70.60.213,6/3/1988
693,Dorothy,Medina,dmedinaj8@ning.com,Female,118.31.174.159,9/7/1977
694,Louis,James,ljamesj9@squarespace.com,Male,232.11.41.245,11/22/1975
695,Bobby,Morgan,bmorganja@macromedia.com,Male,146.28.154.221,6/29/1975
696,Michael,Bradley,mbradleyjb@cdc.gov,Male,114.206.123.247,12/7/1994
697,Howard,Medina,hmedinajc@weebly.com,Male,190.173.54.110,10/12/1964
698,Philip,Mccoy,pmccoyjd@dmoz.org,Male,207.58.41.104,12/5/1974
699,Karen,Bishop,kbishopje@europa.eu,Female,59.37.185.13,6/22/1968
700,Kathy,Arnold,karnoldjf@howstuffworks.com,Female,28.41.107.227,8/7/1983
701,Lisa,Gonzales,lgonzalesjg@friendfeed.com,Female,247.30.33.82,8/24/1954
702,Angela,Simpson,asimpsonjh@tinypic.com,Female,89.218.145.193,8/10/1996
703,Susan,Davis,sdavisji@wordpress.org,Female,228.49.105.142,6/21/2002
704,Janice,Johnston,jjohnstonjj@state.tx.us,Female,36.123.132.230,6/22/1971
705,Juan,King,jkingjk@prweb.com,Male,184.60.95.237,2/11/1996
706,Willie,Stephens,wstephensjl@mozilla.com,Male,235.32.19.179,11/19/2001
707,Harold,Henry,hhenryjm@hatena.ne.jp,Male,49.97.218.214,5/13/1966
708,Melissa,Medina,mmedinajn@deviantart.com,Female,163.248.124.250,11/26/1999
709,Lillian,Castillo,lcastillojo@netlog.com,Female,101.73.160.7,10/7/1998
710,Doris,Richardson,drichardsonjp@opera.com,Female,21.244.224.48,8/5/2002
711,Richard,Walker,rwalkerjq@tripadvisor.com,Male,38.13.46.215,1/16/1991
712,Wanda,Rivera,wriverajr@ezinearticles.com,Female,238.209.229.46,12/1/1983
713,Carol,Gardner,cgardnerjs@furl.net,Female,242.144.13.155,9/12/1986
714,Melissa,Riley,mrileyjt@oakley.com,Female,125.164.231.190,12/8/2000
715,Janice,Torres,jtorresju@miibeian.gov.cn,Female,74.155.120.245,5/21/1980
716,Nancy,Jordan,njordanjv@stanford.edu,Female,73.151.88.228,8/29/1972
717,Brenda,Butler,bbutlerjw@behance.net,Female,210.196.43.232,2/18/1964
718,Robin,Morales,rmoralesjx@cbslocal.com,Female,80.182.142.222,6/26/2002
719,Sara,Wallace,swallacejy@hexun.com,Female,109.242.31.195,12/6/1984
720,Earl,Daniels,edanielsjz@amazon.co.uk,Male,121.66.91.22,10/29/1970
721,Louise,Richards,lrichardsk0@uiuc.edu,Female,160.244.7.178,2/23/1983
722,Mark,Green,mgreenk1@vimeo.com,Male,59.143.54.54,9/14/1953
723,Jeremy,Grant,jgrantk2@google.com.br,Male,25.184.1.62,12/22/1992
724,Joseph,Bennett,jbennettk3@rediff.com,Male,196.249.2.185,3/22/1985
725,Cheryl,Butler,cbutlerk4@pbs.org,Female,110.213.70.217,10/30/1993
726,Theresa,Jordan,tjordank5@reddit.com,Female,173.230.137.126,3/29/1958
727,Amy,Thomas,athomask6@google.pl,Female,187.73.75.29,5/6/1957
728,Jesse,Myers,jmyersk7@nifty.com,Male,93.158.85.12,5/5/1960
729,Ann,Montgomery,amontgomeryk8@pen.io,Female,180.217.43.166,3/8/1966
730,Kimberly,Robinson,krobinsonk9@surveymonkey.com,Female,222.5.177.212,9/21/1976
731,Terry,Pierce,tpierceka@facebook.com,Male,30.29.81.182,7/27/1984
732,Jerry,Murphy,jmurphykb@ebay.com,Male,214.153.13.32,11/24/1965
733,Robin,Smith,rsmithkc@bluehost.com,Female,24.170.18.26,11/20/1997
734,David,Reed,dreedkd@princeton.edu,Male,229.154.164.23,7/21/1951
735,Sandra,Gomez,sgomezke@ocn.ne.jp,Female,126.98.52.112,12/12/1993
736,Laura,Fuller,lfullerkf@geocities.jp,Female,198.17.5.126,8/10/1965
737,Catherine,Allen,callenkg@state.tx.us,Female,211.159.44.82,7/8/1989
738,Harry,Russell,hrussellkh@seattletimes.com,Male,126.209.100.89,5/25/1960
739,Bonnie,Perez,bperezki@last.fm,Female,24.155.191.27,1/31/1993
740,Martin,Freeman,mfreemankj@reverbnation.com,Male,125.102.109.92,11/28/1979
741,Irene,Diaz,idiazkk@altervista.org,Female,241.114.219.43,4/8/2002
742,Angela,Hanson,ahansonkl@state.tx.us,Female,24.73.230.246,2/18/1989
743,Gregory,Kelley,gkelleykm@4shared.com,Male,48.158.150.26,2/11/1962
744,Thomas,James,tjameskn@berkeley.edu,Male,202.89.236.53,6/29/1965
745,Patrick,Burton,pburtonko@odnoklassniki.ru,Male,111.234.127.251,4/7/1980
746,Shawn,Mitchell,smitchellkp@soundcloud.com,Male,67.60.54.231,6/22/1979
747,Christopher,Matthews,cmatthewskq@devhub.com,Male,1.45.73.115,1/20/1953
748,Cynthia,Williamson,cwilliamsonkr@dell.com,Female,8.70.179.236,6/13/1984
749,Alice,Young,ayoungks@spiegel.de,Female,195.5.85.83,5/31/1987
750,Billy,Collins,bcollinskt@engadget.com,Male,37.35.88.174,11/26/1999
751,Larry,Carpenter,lcarpenterku@amazonaws.com,Male,14.245.105.54,7/26/1956
752,Aaron,Gordon,agordonkv@chicagotribune.com,Male,126.53.2.209,6/25/1974
753,Todd,Nguyen,tnguyenkw@deviantart.com,Male,134.96.125.212,10/30/1986
754,Anthony,Bishop,abishopkx@cdbaby.com,Male,13.117.247.57,5/7/1954
755,Ashley,Diaz,adiazky@dmoz.org,Female,119.107.210.141,4/13/1969
756,Stephen,Graham,sgrahamkz@trellian.com,Male,248.37.57.163,11/7/1973
757,Jessica,Montgomery,jmontgomeryl0@fotki.com,Female,0.224.211.206,8/5/1994
758,Norma,Jackson,njacksonl1@columbia.edu,Female,33.79.207.123,3/24/1949
759,Patrick,Hall,phalll2@dot.gov,Male,192.102.132.237,1/22/1988
760,Justin,Ruiz,jruizl3@prlog.org,Male,138.26.63.121,7/13/2002
761,Emily,Ramirez,eramirezl4@merriam-webster.com,Female,177.10.234.208,10/13/1959
762,John,Morrison,jmorrisonl5@deliciousdays.com,Male,10.94.151.151,3/7/1958
763,Johnny,Graham,jgrahaml6@yandex.ru,Male,52.54.240.27,12/11/1964
764,Alan,Lawson,alawsonl7@issuu.com,Male,63.67.90.28,2/14/1998
765,John,Chavez,jchavezl8@angelfire.com,Male,152.91.5.255,9/11/1993
766,Christopher,Hughes,chughesl9@wsj.com,Male,25.42.123.10,5/30/1949
767,Patrick,Bradley,pbradleyla@shutterfly.com,Male,147.238.134.136,4/20/1954
768,Nancy,Cooper,ncooperlb@blogger.com,Female,248.225.48.82,12/6/1959
769,Roy,Harvey,rharveylc@i2i.jp,Male,33.253.42.82,4/10/1997
770,Roy,Foster,rfosterld@smugmug.com,Male,86.207.30.156,11/16/1997
771,Barbara,Simmons,bsimmonsle@google.com.hk,Female,239.194.105.41,4/13/1985
772,Kevin,Greene,kgreenelf@eventbrite.com,Male,154.18.156.248,11/8/1970
773,Richard,Castillo,rcastillolg@washington.edu,Male,213.216.223.34,3/1/1968
774,Charles,Coleman,ccolemanlh@360.cn,Male,145.19.73.83,7/5/1980
775,Shirley,Gomez,sgomezli@forbes.com,Female,211.255.17.126,4/29/1986
776,Clarence,Gomez,cgomezlj@rambler.ru,Male,172.101.90.231,5/5/1994
777,Evelyn,Palmer,epalmerlk@intel.com,Female,103.93.201.98,3/16/1977
778,Helen,Cruz,hcruzll@newsvine.com,Female,92.123.116.109,8/10/1972
779,Diane,Hudson,dhudsonlm@rediff.com,Female,156.93.165.107,8/26/1999
780,Denise,Brooks,dbrooksln@friendfeed.com,Female,155.158.144.225,8/13/1965
781,Beverly,Lee,bleelo@smh.com.au,Female,203.237.62.199,2/20/1968
782,Robert,Martin,rmartinlp@yahoo.co.jp,Male,66.170.72.204,11/8/1973
783,Donald,Willis,dwillislq@sphinn.com,Male,83.232.161.119,8/25/1953
784,Michael,Fields,mfieldslr@theguardian.com,Male,168.61.97.10,5/14/1996
785,Katherine,Jackson,kjacksonls@storify.com,Female,200.53.70.69,1/14/1958
786,Todd,Simmons,tsimmonslt@skype.com,Male,135.57.56.114,2/19/1960
787,Philip,Thompson,pthompsonlu@answers.com,Male,71.211.177.147,7/14/1955
788,Jessica,Hart,jhartlv@nsw.gov.au,Female,236.230.87.59,3/27/1970
789,Emily,Foster,efosterlw@hexun.com,Female,163.233.8.154,4/3/1983
790,Lawrence,Stanley,lstanleylx@cbslocal.com,Male,207.239.252.188,3/22/2002
791,Gregory,Burton,gburtonly@bbc.co.uk,Male,160.175.227.15,3/4/1992
792,Barbara,Castillo,bcastillolz@princeton.edu,Female,241.65.172.205,1/21/1949
793,Albert,Long,alongm0@disqus.com,Male,142.144.247.208,5/31/1982
794,Clarence,Cole,ccolem1@istockphoto.com,Male,218.138.120.27,12/29/1951
795,Clarence,Alvarez,calvarezm2@engadget.com,Male,116.129.176.27,10/15/1988
796,Harold,Roberts,hrobertsm3@dailymail.co.uk,Male,151.26.73.242,7/23/2001
797,Tina,Stewart,tstewartm4@ask.com,Female,81.104.190.41,12/10/1974
798,Betty,Morris,bmorrism5@1688.com,Female,68.22.56.17,5/7/1949
799,Rose,Welch,rwelchm6@cmu.edu,Female,104.23.152.172,1/9/1963
800,Bruce,Kennedy,bkennedym7@yale.edu,Male,6.183.165.100,9/11/1992
801,Joshua,Griffin,jgriffinm8@accuweather.com,Male,188.178.57.159,12/18/1976
802,John,Kelly,jkellym9@discovery.com,Male,121.137.159.55,7/14/1985
803,Steve,Campbell,scampbellma@e-recht24.de,Male,176.118.16.155,10/15/1962
804,Katherine,Fowler,kfowlermb@aol.com,Female,155.158.228.135,7/6/1954
805,Roy,Hunt,rhuntmc@hud.gov,Male,207.151.171.225,10/10/1950
806,Dorothy,Fields,dfieldsmd@nih.gov,Female,241.56.189.174,2/17/2001
807,Ruth,Montgomery,rmontgomeryme@forbes.com,Female,40.18.235.6,8/4/1967
808,Walter,Bryant,wbryantmf@blogger.com,Male,98.160.26.202,12/25/1980
809,Doris,Stanley,dstanleymg@elpais.com,Female,241.42.151.151,12/4/1955
810,Steve,Ruiz,sruizmh@nyu.edu,Male,234.210.243.44,11/16/1969
811,Judith,George,jgeorgemi@gov.uk,Female,110.48.201.54,5/21/1972
812,Carlos,Schmidt,cschmidtmj@cnet.com,Male,93.18.11.202,12/23/1974
813,Betty,Rodriguez,brodriguezmk@devhub.com,Female,159.56.59.12,12/8/1953
814,Adam,Morales,amoralesml@constantcontact.com,Male,143.71.153.44,6/7/1990
815,Ryan,Warren,rwarrenmm@sakura.ne.jp,Male,177.176.92.79,10/2/2000
816,Anne,Allen,aallenmn@miitbeian.gov.cn,Female,105.46.120.207,2/28/1983
817,Angela,Dixon,adixonmo@hexun.com,Female,111.25.61.5,8/14/1965
818,Barbara,Henry,bhenrymp@1688.com,Female,243.255.93.68,8/31/1952
819,Angela,Holmes,aholmesmq@netvibes.com,Female,215.26.56.109,11/4/1955
820,Juan,Walker,jwalkermr@arizona.edu,Male,135.64.195.181,7/23/2001
821,Stephen,Simpson,ssimpsonms@jimdo.com,Male,211.18.141.115,1/28/1995
822,Andrew,Crawford,acrawfordmt@stanford.edu,Male,171.160.80.38,3/27/1967
823,Ashley,Armstrong,aarmstrongmu@parallels.com,Female,125.123.91.204,9/1/1963
824,Janice,Vasquez,jvasquezmv@storify.com,Female,90.24.161.175,1/5/1954
825,Janice,Jones,jjonesmw@bluehost.com,Female,43.73.80.21,7/30/1973
826,Walter,Porter,wportermx@booking.com,Male,239.147.218.237,5/20/1992
827,Brenda,Mccoy,bmccoymy@kickstarter.com,Female,216.26.72.36,2/11/1986
828,Sandra,Johnston,sjohnstonmz@typepad.com,Female,17.176.18.77,7/27/1958
829,Katherine,Medina,kmedinan0@utexas.edu,Female,245.9.0.164,10/21/1993
830,Marie,Mason,mmasonn1@cafepress.com,Female,26.126.36.39,7/3/1954
831,Philip,Kelley,pkelleyn2@sun.com,Male,140.8.11.216,4/30/1996
832,George,Stevens,gstevensn3@posterous.com,Male,149.110.7.21,11/19/1981
833,Jack,Sullivan,jsullivann4@privacy.gov.au,Male,36.2.123.111,1/24/1959
834,Jacqueline,Spencer,jspencern5@ucoz.ru,Female,53.195.10.80,9/20/1970
835,Robin,Moore,rmooren6@photobucket.com,Female,211.83.224.98,7/23/1969
836,Andrew,Castillo,acastillon7@blogger.com,Male,20.180.51.184,10/22/1961
837,Diana,Martin,dmartinn8@twitter.com,Female,117.84.254.210,11/14/1955
838,Angela,Peterson,apetersonn9@princeton.edu,Female,76.185.164.22,7/13/1982
839,Diane,Fowler,dfowlerna@dagondesign.com,Female,142.15.96.140,7/2/1958
840,Kelly,Reynolds,kreynoldsnb@zimbio.com,Female,52.123.177.191,8/13/1977
841,Bruce,Williams,bwilliamsnc@tinypic.com,Male,157.209.69.21,8/24/2002
842,Deborah,Clark,dclarknd@earthlink.net,Female,246.178.83.219,11/25/1959
843,Michael,Hunt,mhuntne@redcross.org,Male,120.155.87.30,2/28/2000
844,Linda,Edwards,ledwardsnf@mac.com,Female,200.187.232.6,9/29/1956
845,Terry,Little,tlittleng@elegantthemes.com,Male,95.223.134.236,5/16/1977
846,Joan,Murphy,jmurphynh@msu.edu,Female,22.198.220.39,4/24/1962
847,Evelyn,Stephens,estephensni@cpanel.net,Female,80.60.92.247,12/29/1959
848,Aaron,Bradley,abradleynj@yahoo.com,Male,171.55.63.75,6/24/1967
849,Howard,Kelley,hkelleynk@cisco.com,Male,198.13.34.81,10/23/1974
850,Phyllis,Lewis,plewisnl@dmoz.org,Female,86.14.79.152,4/4/1961
851,Benjamin,Sanchez,bsancheznm@ebay.com,Male,213.226.71.110,12/19/1991
852,Patricia,Hunter,phunternn@rakuten.co.jp,Female,3.73.180.115,7/2/1974
853,Kathy,Day,kdayno@arstechnica.com,Female,116.45.194.80,8/16/1971
854,Roy,Burns,rburnsnp@npr.org,Male,18.222.254.223,11/19/1985
855,Norma,Hanson,nhansonnq@ameblo.jp,Female,24.104.191.119,3/31/1979
856,Jason,Rogers,jrogersnr@pcworld.com,Male,14.206.34.167,3/13/1969
857,Howard,Reynolds,hreynoldsns@addthis.com,Male,132.11.8.79,12/1/1969
858,Jimmy,Cooper,jcoopernt@qq.com,Male,111.123.216.60,5/31/1977
859,Rachel,Nelson,rnelsonnu@shutterfly.com,Female,114.161.17.97,1/27/1969
860,Keith,Franklin,kfranklinnv@vimeo.com,Male,61.79.18.87,5/17/1973
861,David,Lewis,dlewisnw@studiopress.com,Male,172.13.186.217,11/17/1999
862,Julia,Day,jdaynx@chronoengine.com,Female,35.3.219.234,10/21/1964
863,Janice,Hicks,jhicksny@intel.com,Female,116.110.10.62,2/19/2001
864,Bonnie,Williams,bwilliamsnz@theglobeandmail.com,Female,100.249.3.250,2/16/1983
865,Nicholas,White,nwhiteo0@cmu.edu,Male,34.36.167.138,12/6/1963
866,Nancy,Bennett,nbennetto1@answers.com,Female,234.85.53.30,7/2/1976
867,Amy,Ramirez,aramirezo2@constantcontact.com,Female,190.231.31.207,1/26/1956
868,Richard,Bradley,rbradleyo3@devhub.com,Male,82.67.124.56,4/24/1978
869,Aaron,Wheeler,awheelero4@sohu.com,Male,37.232.228.132,3/23/1949
870,Steven,Frazier,sfraziero5@dagondesign.com,Male,26.71.119.192,5/31/1968
871,Jason,Brooks,jbrookso6@cnet.com,Male,184.148.204.107,9/20/1995
872,Bonnie,Morales,bmoraleso7@behance.net,Female,180.35.52.90,8/26/2002
873,Ruby,Wallace,rwallaceo8@bravesites.com,Female,225.35.16.7,10/19/1957
874,Mildred,Smith,msmitho9@fastcompany.com,Female,210.135.247.125,12/15/1993
875,Lawrence,Cook,lcookoa@meetup.com,Male,144.30.235.161,3/26/1963
876,Walter,Payne,wpayneob@statcounter.com,Male,242.132.80.124,4/14/1971
877,Willie,Peters,wpetersoc@spiegel.de,Male,170.113.208.22,9/21/1958
878,Patricia,Morales,pmoralesod@histats.com,Female,3.113.225.158,10/15/1975
879,Frances,Gray,fgrayoe@jigsy.com,Female,155.246.75.230,11/12/1957
880,Louis,Oliver,loliverof@princeton.edu,Male,173.117.167.231,3/17/2002
881,Gary,Mccoy,gmccoyog@hp.com,Male,70.59.226.57,5/19/1992
882,Russell,Robinson,rrobinsonoh@edublogs.org,Male,11.47.22.169,12/21/1950
883,Harry,Fuller,hfulleroi@squarespace.com,Male,252.53.200.100,9/3/1981
884,Christopher,Butler,cbutleroj@webs.com,Male,79.186.218.238,6/11/1991
885,Wanda,Holmes,wholmesok@noaa.gov,Female,57.219.104.61,5/31/1972
886,Lillian,Greene,lgreeneol@msn.com,Female,70.236.135.15,11/22/1960
887,Frances,Patterson,fpattersonom@jigsy.com,Female,178.145.93.244,6/5/1990
888,Terry,Robertson,trobertsonon@liveinternet.ru,Male,55.97.190.149,2/19/1991
889,Jose,Armstrong,jarmstrongoo@jimdo.com,Male,76.252.120.192,12/1/1966
890,Robin,Stewart,rstewartop@google.de,Female,229.133.227.40,2/19/1993
891,Patrick,Reyes,preyesoq@fastcompany.com,Male,230.159.161.251,11/17/1973
892,Diana,Richardson,drichardsonor@cpanel.net,Female,177.146.58.202,12/11/1955
893,Nicole,Bishop,nbishopos@pen.io,Female,31.233.37.52,5/19/1981
894,Donald,Larson,dlarsonot@tmall.com,Male,233.150.14.164,11/14/1964
895,Eugene,Lynch,elynchou@cisco.com,Male,214.241.29.138,4/11/1973
896,Jack,King,jkingov@cdc.gov,Male,143.53.204.40,4/10/2000
897,Pamela,Thompson,pthompsonow@imdb.com,Female,43.214.86.18,3/28/1963
898,Lois,Lee,lleeox@merriam-webster.com,Female,206.246.90.10,12/29/1956
899,Ashley,Bishop,abishopoy@joomla.org,Female,40.78.129.58,7/13/2000
900,Jennifer,Garcia,jgarciaoz@imageshack.us,Female,208.92.194.115,2/20/1952
901,Gary,Hayes,ghayesp0@facebook.com,Male,155.42.70.194,4/10/1961
902,Sean,Ramirez,sramirezp1@boston.com,Male,49.85.34.144,9/24/1975
903,Diana,Richards,drichardsp2@xing.com,Female,81.44.34.80,6/18/1987
904,James,Payne,jpaynep3@e-recht24.de,Male,210.124.42.165,1/9/1964
905,Debra,Carr,dcarrp4@mysql.com,Female,227.63.156.27,3/28/1976
906,Pamela,Cruz,pcruzp5@java.com,Female,242.87.78.79,6/20/1966
907,Victor,Gomez,vgomezp6@unc.edu,Male,3.166.170.233,11/10/1967
908,Martha,Wilson,mwilsonp7@fc2.com,Female,223.222.49.79,3/10/1985
909,Tammy,Hicks,thicksp8@nytimes.com,Female,205.165.220.159,9/17/1978
910,Deborah,Mills,dmillsp9@shareasale.com,Female,158.95.3.113,10/20/1963
911,Carlos,Thomas,cthomaspa@wikispaces.com,Male,155.201.29.143,10/21/1975
912,George,Williams,gwilliamspb@canalblog.com,Male,88.178.37.39,10/18/1979
913,Emily,Cole,ecolepc@liveinternet.ru,Female,71.119.33.165,7/13/1979
914,Carl,Mccoy,cmccoypd@diigo.com,Male,217.15.150.231,6/7/1974
915,Chris,Cole,ccolepe@timesonline.co.uk,Male,17.191.245.88,11/2/1978
916,Albert,Morgan,amorganpf@wp.com,Male,146.242.145.6,3/16/1961
917,Kevin,Gilbert,kgilbertpg@apple.com,Male,206.1.105.248,6/30/1991
918,Craig,Gilbert,cgilbertph@mlb.com,Male,70.226.176.15,12/28/1950
919,Diane,Cook,dcookpi@joomla.org,Female,156.54.80.196,7/17/1964
920,Lisa,Fowler,lfowlerpj@dailymotion.com,Female,59.0.162.1,1/26/1964
921,Gary,Freeman,gfreemanpk@bloglines.com,Male,186.136.68.1,11/21/1988
922,Lori,Williamson,lwilliamsonpl@infoseek.co.jp,Female,86.47.110.249,1/8/1964
923,Maria,Williamson,mwilliamsonpm@livejournal.com,Female,45.14.171.12,8/17/1980
924,Ruby,Rodriguez,rrodriguezpn@wisc.edu,Female,247.34.153.255,11/2/1985
925,James,Garcia,jgarciapo@instagram.com,Male,200.193.196.203,8/31/1951
926,Margaret,Richardson,mrichardsonpp@google.com.au,Female,181.18.216.138,11/22/1988
927,Roy,Perez,rperezpq@noaa.gov,Male,9.12.252.151,11/2/1978
928,Harry,Carpenter,hcarpenterpr@oakley.com,Male,31.0.77.228,4/13/1957
929,Chris,Marshall,cmarshallps@wix.com,Male,63.249.64.250,11/26/1997
930,Shirley,Watkins,swatkinspt@latimes.com,Female,196.223.234.127,12/16/1973
931,Benjamin,Henry,bhenrypu@time.com,Male,224.232.159.191,1/16/1997
932,Lillian,Lynch,llynchpv@hibu.com,Female,125.227.212.206,12/6/1995
933,Barbara,Webb,bwebbpw@netscape.com,Female,90.175.45.64,6/27/1957
934,Henry,Kennedy,hkennedypx@feedburner.com,Male,185.124.254.117,2/9/1966
935,Edward,Willis,ewillispy@mlb.com,Male,155.143.102.140,6/18/1993
936,Ashley,Tucker,atuckerpz@furl.net,Female,255.154.255.220,4/2/1996
937,Jean,Knight,jknightq0@time.com,Female,59.21.187.117,8/7/1955
938,Joseph,Vasquez,jvasquezq1@microsoft.com,Male,27.104.244.97,7/20/1973
939,Christine,Montgomery,cmontgomeryq2@comcast.net,Female,182.86.159.89,7/13/1953
940,Alan,Chapman,achapmanq3@nasa.gov,Male,82.94.172.57,4/15/1986
941,Roy,Harper,rharperq4@liveinternet.ru,Male,138.155.35.170,9/20/1953
942,Sean,Black,sblackq5@slideshare.net,Male,218.143.138.171,8/8/1958
943,Stephen,Long,slongq6@barnesandnoble.com,Male,255.92.168.49,7/25/1985
944,Amy,Grant,agrantq7@chicagotribune.com,Female,77.180.113.215,11/22/1985
945,Donald,Davis,ddavisq8@wix.com,Male,15.150.137.152,5/1/1949
946,Joan,Harrison,jharrisonq9@google.com,Female,53.78.57.117,3/25/1993
947,Jeremy,Harvey,jharveyqa@is.gd,Male,11.160.74.112,1/6/1967
948,Anne,Jenkins,ajenkinsqb@tinyurl.com,Female,253.158.95.45,10/22/1964
949,Billy,Welch,bwelchqc@ihg.com,Male,92.112.91.140,8/16/1954
950,Ernest,Burke,eburkeqd@blogtalkradio.com,Male,53.0.130.3,1/18/1993
951,Emily,Price,epriceqe@newyorker.com,Female,48.221.83.109,11/21/1978
952,Joseph,Meyer,jmeyerqf@de.vu,Male,76.250.75.111,12/13/1957
953,Beverly,Palmer,bpalmerqg@mysql.com,Female,60.82.101.75,12/23/1971
954,Timothy,Griffin,tgriffinqh@blogs.com,Male,167.203.70.216,12/15/1982
955,Melissa,Wheeler,mwheelerqi@list-manage.com,Female,149.47.149.246,5/21/1981
956,Rebecca,Welch,rwelchqj@economist.com,Female,33.0.143.92,8/25/2000
957,Ernest,Berry,eberryqk@umich.edu,Male,141.4.74.192,2/12/1970
958,Helen,Clark,hclarkql@simplemachines.org,Female,99.25.158.181,5/2/1959
959,Tammy,Washington,twashingtonqm@wordpress.org,Female,181.231.117.107,3/19/2001
960,Douglas,Fields,dfieldsqn@prnewswire.com,Male,255.199.226.105,3/13/1951
961,Raymond,Lawrence,rlawrenceqo@cyberchimps.com,Male,18.158.233.133,6/10/1983
962,Robin,Fields,rfieldsqp@hhs.gov,Female,159.76.161.103,8/7/1996
963,Roger,Rivera,rriveraqq@berkeley.edu,Male,117.215.40.57,7/31/1990
964,Irene,Chapman,ichapmanqr@wp.com,Female,86.28.242.15,10/23/1994
965,Mildred,Alvarez,malvarezqs@wikipedia.org,Female,188.144.52.186,3/28/1965
966,Diana,Hunter,dhunterqt@japanpost.jp,Female,105.37.210.26,3/16/1962
967,Cynthia,Stanley,cstanleyqu@i2i.jp,Female,147.39.9.71,6/11/1960
968,Shawn,Fernandez,sfernandezqv@altervista.org,Male,156.184.196.65,12/3/1973
969,Diana,Garcia,dgarciaqw@businessweek.com,Female,83.236.37.73,7/22/1962
970,Katherine,Holmes,kholmesqx@prweb.com,Female,138.138.234.127,9/16/1949
971,Brenda,Evans,bevansqy@narod.ru,Female,243.110.207.255,11/23/1995
972,Cynthia,Wood,cwoodqz@wisc.edu,Female,199.216.193.84,3/3/1982
973,Peter,Knight,pknightr0@nature.com,Male,186.159.216.187,7/16/1960
974,Nicholas,Parker,nparkerr1@pagesperso-orange.fr,Male,178.102.106.48,5/14/2001
975,Christine,Little,clittler2@jigsy.com,Female,14.91.58.25,1/2/1967
976,Jennifer,Wagner,jwagnerr3@imdb.com,Female,220.215.129.96,11/7/1998
977,Anna,Cole,acoler4@hugedomains.com,Female,152.16.231.235,11/22/1953
978,Catherine,Miller,cmillerr5@1688.com,Female,85.32.35.117,10/29/1955
979,Carol,Alvarez,calvarezr6@google.pl,Female,42.200.159.137,2/28/1980
980,Daniel,James,djamesr7@uiuc.edu,Male,156.163.227.135,5/6/1968
981,Albert,Carpenter,acarpenterr8@usatoday.com,Male,172.1.211.44,4/20/1995
982,Dorothy,Martin,dmartinr9@cafepress.com,Female,167.98.191.204,12/4/1961
983,Ryan,Henderson,rhendersonra@hatena.ne.jp,Male,128.47.237.225,2/21/1949
984,Cheryl,Cooper,ccooperrb@example.com,Female,105.250.190.18,6/15/1989
985,Diane,Chapman,dchapmanrc@360.cn,Female,143.122.161.227,9/23/1974
986,Robin,Hughes,rhughesrd@usatoday.com,Female,149.58.223.46,3/19/1952
987,Jerry,Porter,jporterre@gravatar.com,Male,85.192.240.73,9/30/1956
988,Kenneth,Gibson,kgibsonrf@icio.us,Male,114.185.4.248,5/10/1956
989,Christina,King,ckingrg@addtoany.com,Female,154.38.47.162,1/21/1965
990,Jean,Oliver,joliverrh@mediafire.com,Female,28.224.234.59,2/13/1996
991,Craig,Garrett,cgarrettri@arstechnica.com,Male,191.24.211.185,1/25/1955
992,Tina,Taylor,ttaylorrj@paginegialle.it,Female,252.3.251.147,1/19/1980
993,Janice,Ford,jfordrk@ebay.co.uk,Female,53.224.214.99,10/31/1976
994,Cynthia,Larson,clarsonrl@behance.net,Female,23.78.49.22,5/4/1984
995,Julia,Stone,jstonerm@desdev.cn,Female,65.70.129.150,11/21/1979
996,Kathy,Rodriguez,krodriguezrn@businessweek.com,Female,223.166.141.5,12/15/1980
997,Rebecca,Allen,rallenro@nasa.gov,Female,227.17.230.54,11/25/1957
998,Joseph,Ford,jfordrp@bing.com,Male,66.255.65.37,10/4/2001
999,Jimmy,Sanchez,jsanchezrq@youtube.com,Male,184.52.98.17,3/22/1974
1000,Bruce,Lane,blanerr@nationalgeographic.com,Male,81.17.180.135,8/11/1998
